y,x,Gauss_Curvature,OSI,TAWSS [pa],WSS [pa]
0,0,-0.23316,3.24e-05,2.31184,4.64889
0,1,-0.448261,7.52e-05,2.60157,5.24155
0,2,0.365746,0.00016679,2.81368,5.66025
0,3,-1.12275,0.000134618,2.2936,4.49444
0,4,-0.589259,0.00123307,1.40527,2.51854
0,5,-0.530842,0.0208438,0.607926,0.885821
0,6,0.74145,0.0394099,0.31536,0.227891
0,7,0.0903627,0.01258,0.672288,0.917761
0,8,-0.475913,0.000498021,1.14456,1.81006
0,9,-0.401562,0.00012206,1.36882,2.23686
0,10,-0.314741,3.67e-05,1.57487,2.64931
0,11,-0.0834938,3.35e-05,1.62916,2.81474
0,12,-0.0506422,2.85e-05,1.43701,2.4803
0,13,0.0918699,3.8e-05,1.24337,2.13864
0,14,0.0363509,8.79e-05,1.36436,2.46927
0,15,-0.0327632,4.55e-05,1.52246,2.83656
0,16,0.246357,7.49e-05,1.84461,3.49843
0,17,-0.145081,0.000143108,1.74682,3.35232
0,18,-0.00939221,0.000100398,1.85946,3.67037
0,19,-0.0608504,9.28e-06,1.91968,3.80106
0,20,0.00782768,2.72e-06,1.86976,3.65763
0,21,-0.0906931,6.35e-06,1.89724,3.73219
0,22,-0.0673219,1.46e-05,1.95549,3.87726
1,0,-0.063782,3.02e-05,2.12934,4.28526
1,1,-0.049882,4.85e-05,1.9752,3.90791
1,2,-0.0528447,5.68e-05,1.6836,3.20039
1,3,-0.173466,0.00294103,0.917103,1.55742
1,4,0.865416,0.057322,0.223153,0.228945
1,5,-0.142158,0.037573,0.176093,0.0871589
1,6,0.870363,0.0259675,0.249621,0.263034
1,7,0.178085,0.0163497,0.327177,0.46987
1,8,0.219856,0.0122141,0.375666,0.465997
1,9,0.294721,0.00882187,0.456773,0.528039
1,10,-0.0705443,0.00185412,0.739356,1.00117
1,11,-0.131925,0.000250897,1.1131,1.68323
1,12,-0.199298,4.01e-05,1.31306,2.1543
1,13,-0.183899,1.94e-05,1.3121,2.23839
1,14,-0.167805,5.17e-05,1.42277,2.54515
1,15,-0.191046,2.2e-05,1.6623,3.10982
1,16,0.0176725,2.84e-05,1.65019,3.11784
1,17,0.0998571,7.37e-05,2.02829,3.96828
1,18,0.0101438,3.18e-05,2.59013,5.26893
1,19,-0.187191,5.98e-06,2.39812,4.83795
1,20,-0.0714852,4.3e-06,1.98795,3.93662
1,21,-0.0204542,5.51e-06,1.93166,3.834
1,22,-0.142058,1.27e-05,2.09251,4.20989
2,0,-0.0652531,3.42e-05,1.5799,3.05887
2,1,-0.0697366,4.06e-05,1.41419,2.69642
2,2,-0.0553406,0.000102078,1.0886,1.94391
2,3,0.224245,0.0049887,0.535556,0.800119
2,4,0.657491,0.0829196,0.257322,0.269218
2,5,0.556423,0.0413273,0.284736,0.29127
2,6,-0.485079,0.00377357,0.452143,0.592133
2,7,0.104734,0.00592243,0.5025,0.666257
2,8,-0.118963,0.00900781,0.414305,0.521044
2,9,-0.0337251,0.0112114,0.360176,0.41097
2,10,-0.21228,0.0146853,0.374776,0.378177
2,11,-0.305654,0.0137766,0.466043,0.46688
2,12,-0.20535,0.000880952,0.912955,1.32258
2,13,-0.0300844,8.86e-05,1.22243,2.03635
2,14,0.385437,0.00018904,1.09788,1.88985
2,15,-0.123211,0.000151014,1.32973,2.35613
2,16,-0.380317,6.85e-05,1.65192,3.05967
2,17,-0.463059,3.34e-05,2.2861,4.46691
2,18,0.292577,2.17e-05,2.68352,5.39114
2,19,0.0775335,4.37e-05,1.9961,3.92144
2,20,0.00665935,1.64e-05,1.76713,3.47764
2,21,-0.00193994,1.75e-05,1.75561,3.47854
2,22,-0.110311,2.78e-05,1.69817,3.3483
3,0,0.228247,0.000137221,1.14095,2.12894
3,1,-0.113198,0.000240353,1.00245,1.82261
3,2,-0.0529558,0.000773579,0.852807,1.46267
3,3,-0.736592,0.00142362,0.636011,0.997121
3,4,-0.165581,0.000354048,0.704079,1.08181
3,5,-0.327736,0.00116002,0.63022,0.919197
3,6,-0.0499279,0.00451304,0.496261,0.683524
3,7,0.0396385,0.00830251,0.443616,0.600319
3,8,-0.138463,0.0100722,0.395252,0.524171
3,9,-0.0611888,0.029665,0.269636,0.312559
3,10,0.0385055,0.0803576,0.171234,0.27253
3,11,0.0606772,0.0801747,0.181919,0.246536
3,12,-0.0126514,0.0183025,0.436428,0.515999
3,13,-0.243062,0.00358708,0.835123,1.27048
3,14,-0.55,0.00197477,1.04499,1.7442
3,15,-0.391219,0.00258886,0.870126,1.43406
3,16,-0.013755,0.00113804,0.919582,1.57075
3,17,-0.456787,0.000381778,1.33287,2.39502
3,18,-0.012526,0.000364234,1.71149,3.05979
3,19,-0.496221,9.76e-05,1.9761,3.81553
3,20,0.144532,2.26e-05,1.97309,3.95116
3,21,0.0557901,2.97e-05,1.83872,3.68983
3,22,0.115314,4.61e-05,1.48972,2.89158
4,0,-0.0764245,0.000228591,1.36989,2.66862
4,1,0.221947,0.000917454,0.82133,1.48979
4,2,0.254012,0.00481775,0.511636,0.870419
4,3,0.607647,0.0128592,0.294563,0.433758
4,4,0.298024,0.00490085,0.302696,0.378136
4,5,-0.0396902,0.00177416,0.424484,0.560903
4,6,-0.0990036,0.00692876,0.438811,0.594001
4,7,0.120451,0.0103847,0.446599,0.61965
4,8,0.119113,0.0171066,0.375996,0.547782
4,9,0.0596114,0.0510457,0.219935,0.344781
4,10,0.626532,0.0932004,0.131121,0.29343
4,11,0.404537,0.0806739,0.148576,0.301099
4,12,0.017477,0.0450838,0.221079,0.355387
4,13,0.0350647,0.0421189,0.241222,0.325694
4,14,0.294804,0.132651,0.182827,0.140909
4,15,0.782063,0.0821859,0.330237,0.474813
4,16,-0.582356,0.00357817,0.733261,1.24773
4,17,-0.184858,0.0121271,0.654463,1.04831
4,18,0.00807388,0.0340395,0.366001,0.40265
4,19,-0.748334,0.0112068,0.877775,1.27803
4,20,0.0524989,0.00347002,1.81869,3.46698
4,21,-1.05158,0.00163534,1.84296,3.55393
4,22,-0.560358,5.8e-05,1.83032,3.57423
5,0,-0.347148,8.01e-05,1.75833,3.55293
5,1,0.0287984,0.000290447,1.58746,3.16091
5,2,-0.26841,0.00146836,1.18961,2.22891
5,3,0.204248,0.0056977,0.658751,1.16234
5,4,0.094275,0.00372176,0.329269,0.408783
5,5,0.0728819,0.0088792,0.278732,0.277365
5,6,0.106583,0.0263206,0.298628,0.403292
5,7,0.0799963,0.0196952,0.399081,0.645382
5,8,0.0050608,0.018391,0.408745,0.641685
5,9,-0.111033,0.0546813,0.236161,0.341198
5,10,-0.230998,0.11935,0.154426,0.30198
5,11,0.278718,0.0824217,0.203027,0.316803
5,12,-0.0013473,0.0473021,0.236046,0.316188
5,13,0.0413352,0.0430215,0.186648,0.217923
5,14,-0.474259,0.00578737,0.589214,0.872627
5,15,0.43137,0.0204538,0.776022,1.28207
5,16,-0.623852,0.0734534,0.355984,0.521797
5,17,0.153888,0.0766411,0.175612,0.458512
5,18,0.661538,0.0228645,0.231814,0.648759
5,19,0.824127,0.0117552,0.329283,0.768832
5,20,-0.238587,0.0113456,0.362222,0.648824
5,21,0.467322,0.0373265,0.269246,0.189254
5,22,-0.265591,0.00105714,0.964169,1.72924
6,0,0.360508,0.000168734,1.44327,2.80312
6,1,-0.015359,0.000140565,1.97692,3.91691
6,2,-0.660284,0.000345043,1.76885,3.41797
6,3,-0.309552,0.000755405,1.33722,2.58323
6,4,0.0809207,0.0015134,0.715187,1.20209
6,5,0.358871,0.0146597,0.304126,0.268994
6,6,0.12193,0.0319557,0.349629,0.516383
6,7,-0.0136216,0.0170254,0.516017,0.91202
6,8,-0.0148605,0.0179603,0.470774,0.798083
6,9,0.29297,0.0397896,0.276877,0.416278
6,10,-0.175481,0.0555344,0.255217,0.323348
6,11,-0.195014,0.0379255,0.350726,0.367751
6,12,-0.50417,0.0311851,0.334173,0.303591
6,13,0.227437,0.0239639,0.336224,0.335384
6,14,-0.242193,0.0252758,0.342099,0.491077
6,15,0.486541,0.172558,0.110814,0.264677
6,16,0.696417,0.149076,0.100571,0.36933
6,17,0.00371531,0.110707,0.150223,0.514425
6,18,0.237817,0.0376727,0.286909,0.670528
6,19,0.119147,0.0208385,0.373028,0.810302
6,20,0.276671,0.033132,0.274372,0.640619
6,21,0.532478,0.0588828,0.189641,0.414372
6,22,-0.388099,0.00667741,0.559183,0.825239
7,0,-0.0782459,0.0206802,0.4705,0.639859
7,1,-0.149552,0.00780632,0.709163,1.1367
7,2,-1.31522,0.000732622,1.31673,2.53807
7,3,-0.153604,0.000752397,1.52644,3.0925
7,4,-0.0852102,0.000729437,1.42141,2.73336
7,5,0.113883,0.00188719,0.987256,1.65158
7,6,0.0527112,0.00942305,0.762977,1.25373
7,7,0.0439189,0.00991217,0.834928,1.51282
7,8,-0.298208,0.00962162,0.620304,1.0163
7,9,-0.309983,0.0213222,0.387933,0.546489
7,10,0.436874,0.0249842,0.27863,0.349937
7,11,0.171515,0.060212,0.200571,0.281624
7,12,0.0761271,0.0605446,0.19026,0.276595
7,13,0.181931,0.0686293,0.196737,0.253517
7,14,-0.163502,0.082434,0.152865,0.168833
7,15,-0.249559,0.047145,0.219174,0.225883
7,16,-0.28212,0.0334936,0.373122,0.514705
7,17,0.370097,0.0362947,0.573423,0.903666
7,18,-0.223632,0.0132083,0.662574,1.13122
7,19,-0.168665,0.0154217,0.51802,0.881812
7,20,0.0763834,0.0402955,0.30423,0.526201
7,21,-0.659452,0.034352,0.304768,0.522354
7,22,-1.83399,0.0163409,0.36189,0.464949
8,0,0.665664,0.0367709,0.0948198,0.192529
8,1,0.0589662,0.0930371,0.0732877,0.127552
8,2,1.76739,0.0168784,0.516537,0.903635
8,3,-0.26641,0.000575535,1.63612,3.34493
8,4,-0.332139,0.000185566,2.21271,4.4465
8,5,-0.212442,0.000198995,2.55606,5.07143
8,6,-0.0559856,0.0011541,2.23905,4.28253
8,7,0.0185171,0.00207438,1.79029,3.24199
8,8,0.401949,0.0059619,0.793745,1.26379
8,9,0.102189,0.0113771,0.471226,0.692749
8,10,-0.135951,0.0373871,0.276663,0.339542
8,11,0.268676,0.1041,0.150634,0.219624
8,12,0.0588327,0.0539919,0.22856,0.276501
8,13,0.364485,0.0777813,0.143541,0.17363
8,14,0.13703,0.0583317,0.171916,0.158439
8,15,-0.0560799,0.00890549,0.399338,0.5692
8,16,-0.0814832,0.00272209,0.726399,1.22002
8,17,-0.0469124,0.00202571,0.974209,1.70778
8,18,-0.0582217,0.00329278,0.849894,1.44545
8,19,0.168241,0.00793769,0.585728,0.932123
8,20,0.129701,0.011856,0.505676,0.78173
8,21,-0.115492,0.00948665,0.533854,0.853086
8,22,2.29446,0.0198091,0.180445,0.251063
9,0,0.760927,0.0145689,0.427717,0.65813
9,1,-0.582575,0.0437433,0.369933,0.555645
9,2,0.55987,0.0209218,0.630953,1.11938
9,3,0.108232,0.000411142,1.80637,3.72937
9,4,-0.164393,0.000112321,1.73428,3.46149
9,5,0.0590272,0.000483572,1.55799,2.95227
9,6,0.0739016,0.000981833,1.38046,2.44627
9,7,-0.369781,0.000404789,1.31968,2.26898
9,8,0.0328028,0.000759212,1.19714,1.96068
9,9,-0.828756,0.0047864,0.807441,1.18655
9,10,0.523992,0.0189922,0.464767,0.575762
9,11,-0.278719,0.0297708,0.354515,0.361696
9,12,0.188967,0.0419736,0.283288,0.281794
9,13,-0.106591,0.033495,0.253639,0.205684
9,14,0.315935,0.0144768,0.250203,0.222009
9,15,-0.121598,0.00374848,0.561009,0.861895
9,16,-0.00207532,0.00131656,0.963896,1.70868
9,17,-0.0239099,0.000846991,1.20616,2.18788
9,18,0.120457,0.000830831,1.26594,2.28193
9,19,-0.0239608,0.00131784,1.48708,2.7506
9,20,-0.137247,0.00132982,1.4072,2.59049
9,21,-0.159838,0.0011447,1.31775,2.40174
9,22,0.0540635,0.00631256,0.727719,1.26566
10,0,-0.975109,0.000125991,1.46503,2.57967
10,1,-2.02478,0.000642012,1.19713,2.18111
10,2,-1.33768,0.000315531,1.35093,2.64007
10,3,-0.143404,0.000311583,1.5727,3.16171
10,4,-0.109294,0.000282372,1.43484,2.79115
10,5,0.0234937,0.00131875,0.865934,1.53444
10,6,0.270182,0.00247548,0.573322,0.915704
10,7,0.148111,0.00150026,0.561705,0.85277
10,8,0.144702,0.00146354,0.453528,0.648043
10,9,0.193723,0.00859846,0.321324,0.40924
10,10,-0.0331923,0.0450214,0.252076,0.244292
10,11,-1.38968,0.0169741,0.399732,0.320899
10,12,-0.185069,0.0249409,0.32823,0.298668
10,13,0.0719458,0.0167166,0.389031,0.332761
10,14,0.704495,0.00342737,0.48835,0.593255
10,15,0.0357729,0.00114081,1.16802,1.95622
10,16,-0.200589,0.000651437,1.49319,2.73057
10,17,-0.199871,0.000374486,1.64417,3.11434
10,18,-0.460302,0.000252205,2.0799,3.98261
10,19,-0.352536,0.000166935,2.60102,5.11192
10,20,-0.729202,0.000222384,2.04864,3.95186
10,21,-0.772401,0.000167861,2.14364,4.04332
10,22,-0.446903,0.000181552,1.74895,3.26269
11,0,-1.48037,0.000125898,1.10497,1.89819
11,1,-1.92795,0.000658832,1.15414,2.09904
11,2,-0.809803,0.00024854,1.25999,2.45299
11,3,-0.087488,0.000730609,1.07229,2.02859
11,4,0.142213,0.00151145,0.996624,1.89513
11,5,0.980497,0.00147332,1.63998,2.78385
11,6,0.0104056,0.000820633,0.851963,1.47632
11,7,-0.0383641,0.000607074,0.69325,1.12318
11,8,0.15896,0.00257469,0.422311,0.59796
11,9,0.0806912,0.0168411,0.268619,0.368532
11,10,1.41021,0.0750887,0.110937,0.140041
11,11,-0.0704011,0.0389021,0.253647,0.240985
11,12,0.0686513,0.027013,0.319975,0.304822
11,13,-0.302246,0.0107667,0.531272,0.576363
11,14,-0.500933,0.00164628,1.14706,1.69223
11,15,0.874993,0.00139393,1.67855,2.87516
11,16,-0.922174,0.00133192,1.62111,2.92369
11,17,-0.891914,0.000697157,1.70977,3.21612
11,18,-0.816758,0.0034233,1.5591,2.83627
11,19,-0.496344,0.00277161,1.6772,3.12964
11,20,-0.0732559,0.00193896,1.14518,2.01862
11,21,0.0440202,0.000840859,0.989041,1.65044
11,22,-0.454808,0.000274248,1.18669,2.0796
12,0,-0.200749,0.00198184,0.375853,0.546776
12,1,1.65655,0.0217315,0.199219,0.234264
12,2,0.585965,0.0128117,0.418999,0.715159
12,3,-0.126769,0.00118551,1.0184,1.99801
12,4,-0.0230125,0.0011052,1.23549,2.43295
12,5,0.0362086,0.00124441,1.12442,2.15725
12,6,0.104373,0.00130652,0.905126,1.62669
12,7,0.0636387,0.000722389,0.884421,1.5245
12,8,-0.10657,0.000794774,0.858847,1.43032
12,9,-0.0191501,0.00395353,0.563492,0.830176
12,10,-0.144094,0.0206451,0.298867,0.348001
12,11,-0.0802787,0.0389379,0.26696,0.313548
12,12,-0.150117,0.0417635,0.31827,0.378212
12,13,-0.238706,0.0205231,0.515016,0.708018
12,14,0.122721,0.0105632,0.668403,1.09107
12,15,0.041423,0.0161816,0.560874,0.980589
12,16,0.148062,0.0129236,0.67131,1.27706
12,17,-0.368194,0.0153306,0.627191,1.14735
12,18,0.971693,0.0522542,0.287913,0.477627
12,19,-0.245071,0.0378832,0.373436,0.580335
12,20,0.0230374,0.0618095,0.280047,0.304254
12,21,0.0543915,0.144714,0.142385,0.0606509
12,22,0.287807,0.0163671,0.239967,0.246346
13,0,-0.0906916,0.000342563,0.464869,0.696786
13,1,-0.588451,0.00177202,0.495778,0.842725
13,2,-0.29108,0.00248934,0.611318,1.14224
13,3,-0.00671638,0.0011319,1.06988,2.14362
13,4,0.0313956,0.000896828,1.30606,2.61275
13,5,-0.0862523,0.000578872,1.53266,3.0119
13,6,-0.0311394,0.000417524,1.62654,3.11148
13,7,-0.224789,0.000428677,1.34433,2.44446
13,8,-0.0530197,0.00105656,0.773511,1.26274
13,9,-0.0191648,0.00917608,0.398102,0.506729
13,10,-0.0310644,0.0469449,0.246038,0.310647
13,11,0.064958,0.0696427,0.19686,0.310096
13,12,0.037205,0.0676065,0.246781,0.452135
13,13,-0.161124,0.0468486,0.382163,0.707517
13,14,0.0522458,0.0196384,0.472997,0.891327
13,15,-0.0691423,0.0198338,0.494782,0.983129
13,16,0.0370368,0.0117303,0.705623,1.44105
13,17,0.584621,0.0288481,0.434416,0.843977
13,18,-0.872587,0.0267495,0.352522,0.671546
13,19,0.869617,0.0409611,0.342862,0.56913
13,20,-1.70652,0.132189,0.175381,0.212816
13,21,0.339712,0.16966,0.111615,0.221232
13,22,0.0271305,0.0182026,0.236666,0.258068
14,0,-0.06431,0.00048523,0.561362,0.895374
14,1,-0.210696,0.000210684,0.66125,1.169
14,2,-0.279528,0.00041277,0.942249,1.83548
14,3,-0.0937536,0.000547828,1.33853,2.71225
14,4,-0.0404689,0.000621404,1.67064,3.45524
14,5,0.00320468,0.00105222,1.3881,2.76779
14,6,-0.0245956,0.00291107,0.94764,1.72182
14,7,0.383504,0.00592215,0.701781,1.13853
14,8,0.0170092,0.0108591,0.413744,0.53005
14,9,0.213563,0.0931671,0.199511,0.191496
14,10,0.216798,0.112656,0.183535,0.470269
14,11,0.239829,0.0900814,0.194448,0.469884
14,12,0.269813,0.0614583,0.261506,0.535336
14,13,-0.0428665,0.0416178,0.425972,0.846622
14,14,-0.00812254,0.0223938,0.606303,1.12543
14,15,-0.186729,0.0174178,0.681098,1.27507
14,16,0.023523,0.0317063,0.532765,1.11098
14,17,0.111838,0.0521152,0.306272,0.764827
14,18,-0.114769,0.0294696,0.325807,0.839239
14,19,-0.124983,0.039218,0.193042,0.500455
14,20,2.25358,0.110255,0.0737913,0.247294
14,21,-1.13362,0.120278,0.194181,0.373219
14,22,0.170564,0.0147373,0.370169,0.598439
15,0,-0.568575,0.000302762,0.641803,1.05097
15,1,-0.0289328,0.00010206,0.673423,1.2066
15,2,0.0496398,0.000256285,0.927878,1.79518
15,3,0.0264966,0.000414101,1.41193,2.84953
15,4,-0.0580116,0.000380805,1.93702,3.96061
15,5,-0.0455734,0.000497037,2.27761,4.68631
15,6,0.144604,0.00138441,1.67834,3.29628
15,7,-1.09712,0.0020559,1.30223,2.36422
15,8,1.18999,0.0038733,1.3491,2.27718
15,9,-1.06252,0.0177904,0.833648,1.17211
15,10,1.09006,0.0500307,0.806852,1.26688
15,11,-0.661828,0.0619339,0.487538,0.869107
15,12,-0.0709191,0.107524,0.274859,0.704627
15,13,0.559926,0.0385229,0.440143,1.02133
15,14,-0.218458,0.0134585,0.652373,1.30918
15,15,0.137908,0.0237105,0.474937,0.970148
15,16,0.126014,0.0418969,0.355633,0.881823
15,17,0.0395653,0.0508752,0.392004,0.992641
15,18,-0.112349,0.0272994,0.521625,1.26012
15,19,0.206566,0.0401757,0.366808,0.785955
15,20,-1.0695,0.0549744,0.311028,0.589027
15,21,0.339548,0.0178957,0.783889,1.35783
15,22,0.591675,0.00399467,0.860302,1.48256
16,0,0.8085,0.00140818,0.583577,1.09351
16,1,0.578524,0.000141045,0.773576,1.50376
16,2,0.54744,0.00032826,1.07696,2.13669
16,3,-0.233727,0.000347129,1.74521,3.54407
16,4,-0.140083,0.000795188,1.77822,3.516
16,5,-0.005914,0.00174478,1.76463,3.4
16,6,-0.164827,0.00286361,1.52643,2.86987
16,7,-0.200716,0.00674245,0.979437,1.74922
16,8,0.205233,0.0108384,0.754249,1.16058
16,9,-0.168597,0.0453959,0.438118,0.428778
16,10,-0.016153,0.14975,0.29176,0.593584
16,11,0.202646,0.160693,0.222461,0.772999
16,12,-0.119504,0.145024,0.251165,0.696229
16,13,-0.0928451,0.056816,0.588631,1.44431
16,14,0.151138,0.0339567,0.738087,1.66476
16,15,0.328775,0.03853,0.479923,0.966028
16,16,0.135277,0.0328757,0.526632,1.07441
16,17,-0.186023,0.0211552,0.858418,1.70824
16,18,0.324503,0.0173955,1.04115,2.02343
16,19,-0.145916,0.0188318,0.71143,1.32339
16,20,1.48242,0.0175921,0.452556,0.915199
16,21,-0.458992,0.00996619,0.562789,1.23478
16,22,0.323226,0.0136859,0.306048,0.551122
17,0,-0.0289509,0.000462713,1.57194,3.21264
17,1,-1.00571,0.000103775,2.1364,4.4004
17,2,-0.0212905,0.000283445,2.46381,5.06716
17,3,-1.02944,0.000875418,1.87644,3.61514
17,4,-0.102493,0.00243914,1.28918,2.44363
17,5,0.141954,0.00310116,1.2654,2.66028
17,6,0.131048,0.00652616,1.2056,2.66582
17,7,0.0704869,0.0102292,0.996062,2.11097
17,8,-0.0306913,0.0129811,0.791238,1.43242
17,9,-0.0143456,0.0351829,0.460943,0.349322
17,10,0.0242611,0.106775,0.371926,0.717453
17,11,-0.0225426,0.083856,0.453656,1.24385
17,12,0.497178,0.0665037,0.400574,1.06447
17,13,0.631185,0.0370295,0.563398,1.49494
17,14,0.323488,0.0380499,0.762676,1.95613
17,15,-0.354648,0.0412828,0.724197,1.60266
17,16,-0.238,0.0205053,0.895796,1.73373
17,17,-0.169407,0.0105645,1.19562,2.32447
17,18,-0.101377,0.0082026,1.15858,2.21144
17,19,-1.47698,0.00987763,1.09983,1.89485
17,20,-0.460652,0.0104582,1.32462,2.42101
17,21,-0.723504,0.00726438,1.32927,2.61755
17,22,0.127063,0.00624596,1.05524,2.07859
18,0,-0.968046,0.000152292,3.55799,7.12997
18,1,-2.77519,0.000791964,3.29405,6.59847
18,2,-0.290501,0.00432743,2.039,3.68825
18,3,0.657096,0.00118609,1.4694,3.06365
18,4,1.11157,0.00288336,1.12962,2.42809
18,5,0.0455231,0.0037577,1.56291,3.34426
18,6,-0.032497,0.00573338,1.6983,3.68538
18,7,0.00391676,0.0101276,1.27666,2.69512
18,8,-0.0318214,0.00976329,0.94765,1.70931
18,9,0.377538,0.00968462,0.558688,0.556367
18,10,0.0215244,0.0412656,0.577935,0.927157
18,11,-0.232684,0.0543335,0.746647,1.58701
18,12,-0.777796,0.0676445,0.6634,1.49019
18,13,-0.781866,0.054209,0.755726,1.90906
18,14,-0.206294,0.0389971,0.863266,2.29162
18,15,0.395275,0.0262019,0.910292,2.21498
18,16,0.109602,0.01268,1.07569,2.33068
18,17,0.320059,0.00920066,1.08581,2.22531
18,18,-0.00433705,0.00743142,1.09506,2.17089
18,19,0.274905,0.00365535,1.07004,2.03219
18,20,-0.423114,0.00531388,1.66708,3.26219
18,21,-0.593916,0.00377729,2.38182,4.5943
18,22,0.274591,0.00106036,3.27338,6.33134
19,0,-0.0423924,0.000298216,2.93813,5.47193
19,1,-1.84633,0.00262249,1.50439,2.74688
19,2,0.887456,0.00822107,0.820252,1.22019
19,3,-0.623673,0.0011953,1.84327,3.92633
19,4,-0.651555,0.00209475,1.86293,3.89714
19,5,-0.51085,0.00289349,1.92185,4.00243
19,6,0.0214187,0.00389996,1.97218,4.25983
19,7,-0.315081,0.00647062,1.61419,3.49891
19,8,-0.128445,0.00695557,1.13876,2.10476
19,9,-0.139732,0.00347307,0.906471,1.27016
19,10,-0.101588,0.0148337,0.95508,1.67467
19,11,-0.0602502,0.0309708,0.807678,1.60819
19,12,0.0494468,0.0592661,0.615469,1.44078
19,13,0.283872,0.0648915,0.651754,1.81479
19,14,0.400483,0.0514447,0.863206,2.46195
19,15,-0.70566,0.0394859,1.25071,3.16825
19,16,0.152581,0.012706,1.31262,2.91123
19,17,0.102008,0.00688904,1.20003,2.50637
19,18,0.42898,0.00653344,1.02405,2.12944
19,19,0.702009,0.00310441,1.1624,2.321
19,20,0.379303,0.00291753,1.94604,4.08663
19,21,-0.259868,0.00289622,2.62984,5.2383
19,22,1.48409,0.00121694,3.6841,6.95013
20,0,0.153012,0.00116938,1.36529,2.22487
20,1,0.909111,0.00312593,0.668296,1.04091
20,2,1.61885,0.00665719,0.682381,1.1931
20,3,-0.0214583,0.00196857,1.71147,3.52025
20,4,-0.414281,0.00233955,1.7568,3.65836
20,5,0.491564,0.00268305,1.57038,3.37858
20,6,0.473431,0.00366029,1.76326,4.08573
20,7,-0.00832597,0.00493376,1.95013,4.38191
20,8,-0.0659494,0.00388627,1.4163,2.64065
20,9,0.0150511,0.00227393,1.12896,1.94552
20,10,0.00234956,0.0153204,0.852299,1.48904
20,11,0.0692628,0.0569128,0.538786,1.0775
20,12,0.0850579,0.0615171,0.550542,1.43155
20,13,-0.0800558,0.0521928,0.648741,1.78241
20,14,0.00864105,0.0421902,0.881822,2.55308
20,15,0.0542577,0.0330319,1.5156,4.13589
20,16,-0.16366,0.0185633,1.72741,3.93976
20,17,-0.250366,0.00833872,1.47558,2.93542
20,18,0.00454245,0.00534477,1.55616,3.22177
20,19,-0.428315,0.00180583,1.93404,3.9416
20,20,-0.690111,0.00170624,2.52596,5.30895
20,21,-0.0385684,0.00246903,2.52992,5.11609
20,22,-0.137666,0.00210179,2.10088,3.82926
21,0,-0.129705,0.00159315,0.925833,1.37736
21,1,0.231729,0.00101775,0.843045,1.43332
21,2,-0.262738,0.00236479,1.28818,2.3206
21,3,-0.614839,0.00120422,1.81629,3.62171
21,4,0.516904,0.00159358,1.75618,3.85458
21,5,0.232044,0.00289642,1.92082,4.38
21,6,-0.264573,0.00366191,2.27622,5.14326
21,7,0.18826,0.00182386,2.90022,6.43813
21,8,-0.0249552,0.000656007,2.4277,5.03432
21,9,-0.0957016,0.00122239,1.55206,2.93541
21,10,0.0892707,0.0144921,0.692547,0.91913
21,11,0.113973,0.0944647,0.385233,0.792875
21,12,0.288279,0.0737655,0.524169,1.61305
21,13,0.809944,0.0490333,0.664622,2.08977
21,14,0.132893,0.0245725,1.15171,3.27991
21,15,-0.0248203,0.0168954,1.892,5.16621
21,16,0.0127267,0.0136345,1.90511,4.58695
21,17,-0.0855201,0.00783799,1.69427,3.44817
21,18,0.0616097,0.00444575,2.21499,4.62209
21,19,-0.612703,0.00162034,2.26545,4.5659
21,20,-0.245545,0.00205128,2.2553,4.68311
21,21,-0.0547083,0.00366993,1.96613,3.96973
21,22,0.0597742,0.00309208,1.42142,2.54287
22,0,-0.541033,0.00124045,1.47568,2.43486
22,1,-0.165709,0.00035061,1.64288,2.98205
22,2,-1.20449,0.000902795,1.52826,2.71115
22,3,-0.155499,0.000856835,1.69473,3.34627
22,4,-0.334066,0.00140193,1.99793,4.34355
22,5,-0.108755,0.0029575,2.37021,5.35775
22,6,-0.239014,0.00300023,2.40259,5.41567
22,7,0.159444,0.00146064,2.71765,6.02984
22,8,0.161377,0.000674673,2.52113,5.31071
22,9,-0.0698849,0.00126467,1.66987,3.31322
22,10,0.229873,0.0040927,0.910598,1.49468
22,11,0.168294,0.0514834,0.609546,0.619893
22,12,0.139539,0.0650117,0.796152,1.8853
22,13,0.0897902,0.0317813,1.31715,3.49454
22,14,0.0273942,0.0160561,1.65525,4.45815
22,15,0.345234,0.0143839,1.98643,5.5435
22,16,-0.137282,0.011201,2.24402,5.79354
22,17,-0.0552663,0.00588015,2.19511,4.83589
22,18,0.0335308,0.00370168,2.24259,4.75436
22,19,-0.0798143,0.0021221,1.88004,3.79015
22,20,-0.060807,0.00245624,1.74637,3.57414
22,21,-0.0163758,0.00398485,1.75219,3.60364
22,22,-0.0522762,0.00284941,1.43886,2.61967
23,0,-0.0362658,0.000803644,2.13429,3.71736
23,1,-0.66711,0.000328956,2.19417,3.80146
23,2,-0.350939,0.00112917,1.37716,2.40739
23,3,0.167952,0.00104055,1.42086,2.84354
23,4,0.177906,0.00184468,2.06195,4.45296
23,5,-0.401411,0.00310924,2.2711,5.11504
23,6,-0.098911,0.00386503,2.0578,4.74985
23,7,0.0617273,0.00505154,1.62254,3.67349
23,8,0.0870439,0.00521823,1.46649,3.2301
23,9,0.0122054,0.00578125,1.33894,2.89231
23,10,0.093713,0.00479713,1.15635,2.29733
23,11,-0.136022,0.00196954,1.4136,2.79786
23,12,-0.227897,0.00775539,1.86866,4.07285
23,13,-0.50186,0.0111118,2.18307,5.12512
23,14,-0.0160074,0.0136743,2.10098,5.38494
23,15,0.389503,0.0109713,2.54421,6.84423
23,16,-0.433151,0.00736358,3.20545,8.20543
23,17,-0.185551,0.0069787,2.49345,5.53986
23,18,-0.119196,0.00417928,2.19766,4.58272
23,19,-0.0471677,0.0054821,1.37497,2.95843
23,20,0.0853074,0.00271481,1.65764,3.34219
23,21,-0.0434675,0.00541905,1.38596,2.98631
23,22,-0.219266,0.00168267,1.8988,3.54773
24,0,-0.143699,0.000562069,1.69656,2.86775
24,1,-0.277371,0.000387713,1.69963,2.73214
24,2,1.33588,0.000656168,1.51733,2.80092
24,3,0.212093,0.00112217,1.59572,3.20138
24,4,-0.982847,0.00209669,2.26664,4.77208
24,5,0.386834,0.0028188,1.77641,3.89784
24,6,-0.221604,0.00225884,2.33112,5.75555
24,7,-0.0214164,0.00422412,2.02799,4.88705
24,8,0.070828,0.00482212,1.71471,3.9351
24,9,0.0318295,0.00459583,1.61704,3.63805
24,10,-0.0572173,0.00307502,1.31693,2.74508
24,11,0.0142416,0.00161588,1.05265,2.04292
24,12,0.0675272,0.00755459,0.915586,1.8288
24,13,0.719782,0.0101009,1.09176,2.41506
24,14,-0.178938,0.00786245,2.35945,6.09708
24,15,-0.5809,0.00692731,3.62892,9.50547
24,16,0.300241,0.00618981,2.91227,7.44169
24,17,0.380801,0.00735975,2.17753,5.14352
24,18,-0.136557,0.00645069,2.01166,4.28196
24,19,-0.118638,0.00455592,1.63816,3.17618
24,20,-0.0472808,0.00285847,1.95884,4.00061
24,21,-0.02882,0.0018236,2.44285,5.08811
24,22,-0.359608,0.000501874,2.07619,3.84858
25,0,-0.0243303,0.000429337,1.18974,1.94704
25,1,-0.141545,0.000357868,1.30586,1.99448
25,2,-0.764111,0.000307839,1.91383,3.53964
25,3,0.203244,0.000555402,2.55821,5.05605
25,4,-0.673086,0.00133363,2.20445,4.69862
25,5,1.54509,0.00226829,1.76463,4.10833
25,6,-0.0545171,0.00194552,2.65173,6.46684
25,7,-0.038532,0.00281839,2.59996,6.1994
25,8,0.124944,0.00232356,2.04312,4.63877
25,9,-0.0127284,0.00139331,2.1373,4.95382
25,10,0.0303163,0.00154028,1.7899,4.15687
25,11,0.490827,0.00274677,1.15087,2.38672
25,12,1.24921,0.00872245,0.930534,1.87334
25,13,0.662384,0.00458991,1.83785,4.55612
25,14,-0.372336,0.0020085,3.45824,8.98968
25,15,-0.521198,0.00416486,3.73164,9.55841
25,16,0.0677674,0.00688632,3.01708,7.3909
25,17,0.047991,0.00642804,2.39657,5.71284
25,18,0.186477,0.00759169,1.81007,4.02398
25,19,-0.17776,0.00703952,1.70239,3.41392
25,20,-0.010518,0.00267211,2.32785,4.89289
25,21,-0.0452725,0.00120338,2.28431,4.64344
25,22,-0.0117878,0.000249558,1.58417,2.85181
26,0,-0.0295925,0.000313855,1.06253,1.73672
26,1,-0.0888387,0.000408758,1.09293,1.63536
26,2,-1.19801,0.000317267,1.60035,2.74759
26,3,-0.537403,0.000435151,1.96977,3.64158
26,4,-0.0965131,0.000620626,2.25371,4.8657
26,5,-0.461313,0.00106199,2.65974,6.25174
26,6,-0.141573,0.000939286,3.31258,7.92333
26,7,-0.0715026,0.00109415,3.5731,8.54252
26,8,0.215292,0.000842147,2.53208,5.80565
26,9,-0.202284,0.00026991,2.99772,7.08097
26,10,-0.191515,0.00021535,3.85483,9.39291
26,11,-0.306888,0.000297588,3.87468,9.53588
26,12,-0.372934,0.000589739,3.73795,9.27188
26,13,-0.272945,0.000831744,4.21197,10.6886
26,14,-0.467778,0.0010284,3.51998,8.82869
26,15,0.156116,0.00255978,2.33188,5.49874
26,16,0.084052,0.00649426,2.16638,5.05359
26,17,-0.660457,0.00931869,2.1233,4.9296
26,18,0.173645,0.00920669,1.89841,4.33121
26,19,0.024211,0.00561876,2.29187,5.10982
26,20,-0.144861,0.00245274,2.55745,5.37979
26,21,-0.0561549,0.000784258,1.96427,3.71383
26,22,-0.0559202,0.000247273,1.36924,2.38991
27,0,-0.00974761,0.000261966,1.06166,1.74445
27,1,-0.0599963,0.000559968,0.896338,1.3214
27,2,-0.11971,0.000754531,0.921733,1.38483
27,3,-0.128843,0.000999519,1.16627,1.98584
27,4,-0.0910577,0.000752096,1.72332,3.50304
27,5,-0.0511789,0.00134082,2.10559,4.82981
27,6,-0.0773432,0.000620766,2.65125,6.08145
27,7,-0.00792636,0.00030109,4.66457,10.9438
27,8,-0.0309209,0.000135922,4.60922,10.862
27,9,-0.557703,0.000274081,2.86644,6.66491
27,10,-0.252224,0.000231606,2.70859,6.24069
27,11,-0.287525,0.000124922,3.17928,7.49014
27,12,-0.110025,0.000362013,3.51495,8.45943
27,13,-0.0315733,0.000966092,3.3119,8.0947
27,14,-0.00249712,0.00153165,2.62269,6.28875
27,15,0.444176,0.00233363,1.74873,4.02129
27,16,0.0961751,0.00502638,1.79503,4.51297
27,17,-0.248821,0.0104082,1.74037,4.1911
27,18,-0.254471,0.00647506,2.46439,5.96739
27,19,-0.14676,0.0033255,2.73846,6.43726
27,20,-0.163944,0.00165399,2.26546,4.63267
27,21,-0.238049,0.000580209,1.42728,2.38103
27,22,-0.255572,0.000557138,1.16847,1.95388
28,0,-0.0860146,0.000333584,0.977999,1.55178
28,1,-0.0772687,0.000529532,0.826376,1.18103
28,2,-0.0137716,0.00128107,0.751586,1.04563
28,3,0.0457721,0.00242518,0.796389,1.29746
28,4,-0.0177084,0.00143618,1.21531,2.36599
28,5,-0.0813861,0.00176071,1.70909,3.94317
28,6,0.33768,0.00200964,1.51952,3.32577
28,7,-0.123309,0.00103389,2.23409,4.81931
28,8,0.883543,0.00119903,2.67564,5.53897
28,9,-0.275458,0.00171413,1.72487,3.78077
28,10,0.750976,0.00746058,1.19419,2.57412
28,11,0.121653,0.00054638,1.33715,2.79445
28,12,-0.0424088,0.000414145,2.21759,5.06004
28,13,-0.0471299,0.000639636,2.78952,6.72749
28,14,-0.0729524,0.00103283,2.30575,5.46521
28,15,0.352597,0.00123885,1.87656,4.45065
28,16,0.246408,0.00325679,1.80623,4.56294
28,17,0.102442,0.00526392,2.23365,5.81398
28,18,-0.068677,0.00371914,2.84532,7.18375
28,19,-0.11607,0.00216331,2.43784,5.56319
28,20,0.0593379,0.00100639,1.41051,2.57849
28,21,0.385505,0.00135504,0.905448,1.37116
28,22,-0.0208829,0.00104328,0.96287,1.52759
29,0,-0.224728,0.000557568,0.835688,1.25673
29,1,-0.344148,0.000365576,0.801032,1.11306
29,2,-0.110476,0.00117011,0.919311,1.3557
29,3,0.105762,0.00238328,0.946393,1.6777
29,4,0.1396,0.00252674,1.0202,2.05657
29,5,0.147783,0.00181696,1.58101,3.76842
29,6,0.0509832,0.00168024,1.8286,4.30398
29,7,-0.454006,0.00155716,1.48566,3.13563
29,8,-0.0906415,0.00251975,1.22567,2.53354
29,9,0.483931,0.00235889,1.32909,3.16247
29,10,0.136023,0.000526284,1.849,4.54732
29,11,-0.030286,9.07e-05,2.52456,6.22526
29,12,-0.274338,0.000259228,2.35041,5.53428
29,13,0.132391,0.00156631,1.46081,3.08358
29,14,-0.103887,0.00199168,1.34988,2.90286
29,15,-0.187642,0.000990541,2.07679,5.10528
29,16,-0.284993,0.000977248,2.26969,5.85357
29,17,-0.162966,0.00183223,2.90254,7.84137
29,18,-0.0826599,0.0017643,2.60862,6.58813
29,19,-0.136654,0.00127425,1.59451,3.15937
29,20,-0.279492,0.000599717,1.21701,1.9967
29,21,-0.468577,0.000936762,1.10054,1.67239
29,22,-0.150784,0.00120907,0.931744,1.40623
30,0,-0.289297,0.00198315,0.546287,0.779337
30,1,-0.12374,0.000658431,0.59647,0.78939
30,2,-0.152073,0.000815479,0.985271,1.47042
30,3,-0.391473,0.00138264,1.22058,2.20993
30,4,-0.200011,0.00196968,1.14009,2.39028
30,5,0.0581517,0.00130879,1.79515,4.37329
30,6,-0.130863,0.000942042,2.17897,5.24055
30,7,-0.060842,0.000718757,1.68967,3.70354
30,8,-0.00630078,0.000814336,1.6336,3.60519
30,9,0.03238,0.000894902,1.89835,4.69207
30,10,-0.139763,0.000217277,2.23877,5.70496
30,11,-0.145406,8.88e-05,2.02868,4.918
30,12,-0.00622555,0.00059248,1.43573,3.25085
30,13,0.362223,0.00281564,0.98783,1.95342
30,14,0.300548,0.00246244,1.32492,2.86919
30,15,-0.052055,0.00100893,1.99556,4.79167
30,16,0.0364204,0.000968726,1.87703,4.70236
30,17,-0.193272,0.000910823,2.81959,7.6927
30,18,-0.079278,0.00109483,2.1377,5.39891
30,19,-0.172389,0.000974424,1.22048,2.30432
30,20,-0.27242,0.00176229,0.92523,1.36186
30,21,-0.108037,0.00390973,0.76704,1.06502
30,22,0.0598143,0.00419833,0.578334,0.80597
31,0,0.00660605,0.00294174,0.516238,0.697675
31,1,0.712375,0.00073245,0.627391,0.803917
31,2,0.01801,0.00143237,0.72766,1.02485
31,3,-0.130596,0.0018564,0.934271,1.62547
31,4,-0.150224,0.0013946,1.09501,2.27642
31,5,-0.0233804,0.000855685,1.77272,4.2479
31,6,-0.076267,0.000781363,2.16838,5.14398
31,7,0.0211524,0.000557134,1.82721,4.02512
31,8,0.255215,0.000549588,1.74915,3.89143
31,9,-0.108277,0.000388471,2.10011,5.09566
31,10,0.049944,0.000348377,1.78918,4.33801
31,11,0.184521,0.000769721,1.28673,2.96914
31,12,0.0994129,0.00119038,1.00867,2.26354
31,13,-0.108166,0.0013595,1.31616,3.0565
31,14,-0.0493895,0.00117085,1.94126,4.56959
31,15,0.10945,0.00156079,1.68512,3.85156
31,16,-0.00587918,0.00191349,1.59827,3.86296
31,17,0.0444705,0.000964039,2.18433,5.72112
31,18,-0.152889,0.00140268,1.71496,4.22194
31,19,-0.203547,0.00368948,0.833439,1.4993
31,20,-0.0797064,0.00580565,0.4854,0.504562
31,21,-0.0661127,0.00850067,0.478765,0.539372
31,22,0.228843,0.00716533,0.459192,0.604594
32,0,0.0150023,0.00215304,0.662748,0.84889
32,1,-0.381655,0.000623584,0.718993,0.908606
32,2,-0.369728,0.0012154,0.732447,0.999014
32,3,0.159024,0.00259079,0.78122,1.38264
32,4,0.594022,0.00185448,0.879969,1.8601
32,5,0.152453,0.000884819,1.48509,3.4519
32,6,-0.00589911,0.000936306,1.76917,3.97636
32,7,-0.168842,0.000473917,1.81081,3.88567
32,8,-0.0712955,0.00038736,2.16198,4.78464
32,9,0.0455765,0.000280163,2.09209,4.8553
32,10,-0.0497512,0.000306394,2.06866,5.06905
32,11,0.150154,0.000559887,1.62771,3.99469
32,12,0.484153,0.00103087,1.30797,3.09336
32,13,0.0884785,0.00116308,1.67198,3.99773
32,14,0.0575168,0.00162123,1.86048,4.43307
32,15,0.17978,0.0019195,1.6844,3.90559
32,16,0.115105,0.0014018,2.17615,5.34996
32,17,-0.140632,0.000920292,2.13132,5.58486
32,18,-0.076467,0.0032387,1.22454,3.05781
32,19,-0.0339224,0.0125838,0.598434,1.23195
32,20,-0.131886,0.0144885,0.461856,0.71656
32,21,-0.169006,0.00768866,0.443911,0.392614
32,22,-0.0651705,0.00574193,0.557132,0.662865
33,0,-0.113919,0.00302025,0.57626,0.671917
33,1,0.336848,0.00131385,0.489058,0.566366
33,2,-0.718686,0.00111636,0.587843,0.762852
33,3,-0.178101,0.00156641,0.895739,1.60958
33,4,-0.456636,0.00106189,1.07897,2.36879
33,5,-0.165034,0.00101866,1.37602,3.0622
33,6,-0.366262,0.00139866,1.35942,2.83653
33,7,-0.177943,0.000852441,1.28495,2.58213
33,8,-0.00366721,0.000697882,1.58605,3.26315
33,9,-0.215485,0.000325307,1.81985,4.04653
33,10,-0.47704,0.000157856,2.25223,5.47648
33,11,-0.0752699,6.5e-05,2.73837,6.85633
33,12,-0.163693,0.00011375,2.68341,6.66249
33,13,-0.0408634,0.000506121,2.61407,6.51025
33,14,0.0076272,0.00120617,2.51487,6.16691
33,15,-0.0101829,0.00127785,2.39306,5.84551
33,16,0.0352324,0.00105295,2.62798,6.50237
33,17,0.119035,0.00118453,2.14136,5.44379
33,18,0.212305,0.00654474,0.993616,2.52119
33,19,0.911601,0.0122606,0.68388,1.81693
33,20,-0.0559728,0.0117759,0.685089,1.52617
33,21,-0.218832,0.00674884,0.540412,0.639856
33,22,-0.24213,0.0037029,0.620298,0.673269
34,0,-0.0384698,0.00405116,0.531964,0.565803
34,1,-0.0377736,0.00154458,0.488746,0.528544
34,2,-0.499954,0.00132247,0.505178,0.620255
34,3,-0.29377,0.00152256,0.743656,1.27727
34,4,-0.715115,0.000760644,1.03712,2.23042
34,5,-0.0364705,0.00101828,1.26605,2.7726
34,6,-0.232937,0.00477305,1.01235,2.03785
34,7,0.011754,0.00554298,0.70249,1.2796
34,8,-0.0380963,0.0026164,0.907647,1.67689
34,9,0.175688,0.003528,0.865809,1.64303
34,10,0.254508,0.00199939,0.981843,2.04319
34,11,-0.0964008,0.000238583,1.63918,3.72894
34,12,-0.387818,7.74e-05,2.35264,5.55655
34,13,-0.0689424,0.00026479,2.92746,7.10187
34,14,-0.0303923,0.000785398,2.94481,7.1159
34,15,-0.0809848,0.00113454,2.57235,6.25695
34,16,-0.0480644,0.00111995,2.56054,6.23745
34,17,0.0277687,0.00210072,1.68497,4.00921
34,18,0.268156,0.0100722,0.805222,1.95307
34,19,0.473804,0.00852007,1.06763,3.09677
34,20,-0.297305,0.00476062,1.03613,2.52405
34,21,-0.495273,0.00377463,0.646467,0.932929
34,22,-0.213322,0.00384591,0.596595,0.601425
35,0,0.578208,0.00559291,0.466436,0.440286
35,1,0.434493,0.00251653,0.3493,0.335902
35,2,-0.0860394,0.0020134,0.419708,0.492025
35,3,0.0526809,0.00281617,0.494565,0.781032
35,4,0.127596,0.00139241,0.727684,1.49269
35,5,-0.091574,0.000752447,1.42419,3.12408
35,6,0.457476,0.00462716,1.12571,2.3338
35,7,1.08754,0.0147516,0.397708,0.764722
35,8,-0.121977,0.00426268,0.808859,1.63386
35,9,0.369211,0.00628142,0.739393,1.60316
35,10,0.193928,0.00348136,0.688366,1.43499
35,11,0.108876,0.000630531,0.759184,1.48836
35,12,0.637056,0.00051623,1.29473,2.77265
35,13,0.0741521,0.000264497,2.28419,5.08507
35,14,-0.141419,0.000745802,2.19694,4.84837
35,15,-0.303076,0.00159052,1.99262,4.63407
35,16,-0.0609168,0.00169495,2.1437,5.06199
35,17,0.0617215,0.00289068,1.31577,2.94807
35,18,0.199968,0.00526108,0.995668,2.44458
35,19,-0.0956998,0.00329369,1.74792,5.15149
35,20,-0.15398,0.00209115,1.32157,3.46942
35,21,-0.78697,0.0016348,0.642851,1.11438
35,22,-0.039194,0.00568648,0.430413,0.364542
36,0,-0.10561,0.0119548,0.338123,0.237631
36,1,-0.0257184,0.0048751,0.290105,0.25608
36,2,-0.0225712,0.00307957,0.37977,0.444461
36,3,0.207447,0.00431011,0.450151,0.724215
36,4,0.142279,0.00265284,0.570703,1.13258
36,5,0.106155,0.000824514,1.35597,2.85043
36,6,-0.0718834,0.00118149,1.74223,3.63587
36,7,0.330429,0.00376274,0.877763,1.72502
36,8,-0.0572086,0.00367251,1.12258,2.39466
36,9,0.232347,0.00486707,0.905019,2.07351
36,10,0.0733756,0.00203632,0.786416,1.72009
36,11,-0.0505588,0.000686876,0.917589,1.95148
36,12,-0.175115,0.000694937,1.33821,2.9091
36,13,-0.0752186,0.000859299,1.2666,2.5279
36,14,0.475622,0.00144472,0.960749,1.7492
36,15,0.0633941,0.00223563,1.40041,3.01835
36,16,-0.0140481,0.00208785,1.95918,4.53853
36,17,-0.111259,0.00193731,1.55697,3.73288
36,18,-0.232764,0.00191163,1.72097,4.70122
36,19,-0.134963,0.00142653,1.98868,5.91612
36,20,-0.145186,0.00136747,1.34623,3.60816
36,21,0.711599,0.00155657,0.514774,0.992594
36,22,0.904265,0.00705051,0.292363,0.243628
37,0,0.124743,0.0128191,0.289389,0.162015
37,1,-0.409103,0.00787792,0.254998,0.192832
37,2,-0.116424,0.00255721,0.396834,0.47502
37,3,0.00922413,0.00392426,0.517913,0.874059
37,4,-0.0028892,0.00381991,0.512716,0.997154
37,5,0.167757,0.00219067,0.800685,1.54942
37,6,-0.120428,0.00102575,1.72371,3.49344
37,7,-0.391197,0.00119146,1.41704,2.8903
37,8,-0.0213837,0.00124435,1.64502,3.60612
37,9,0.173538,0.00182245,1.34307,3.16753
37,10,0.013107,0.00178684,0.831526,1.81876
37,11,0.196672,0.00217229,0.759443,1.64247
37,12,0.418559,0.00291431,0.887531,1.90725
37,13,-0.136673,0.00149014,1.11929,2.25975
37,14,0.119769,0.000880006,1.40622,2.91022
37,15,0.0172514,0.00141099,1.8214,3.98386
37,16,-0.00941721,0.00185722,1.81042,4.13593
37,17,-0.0503778,0.00121952,1.5317,3.69666
37,18,-0.098219,0.00151772,1.74019,4.68133
37,19,-0.103528,0.00121697,1.73096,4.94723
37,20,-0.173433,0.00117631,1.14933,2.96623
37,21,-1.22861,0.00131469,0.517854,0.957995
37,22,-0.0865899,0.00442341,0.422582,0.45611
38,0,-0.0278518,0.02498,0.198843,0.128993
38,1,-0.146768,0.0112369,0.212381,0.154969
38,2,-0.0420416,0.00136615,0.396413,0.495152
38,3,-0.0384582,0.00245544,0.645172,1.10847
38,4,-0.0181647,0.00318513,0.614383,1.20018
38,5,-0.0253201,0.0028261,0.679044,1.32845
38,6,-0.0937178,0.0015928,1.35373,2.69426
38,7,0.177841,0.00121323,1.41103,2.90852
38,8,-0.0392963,0.000744306,1.72191,3.80443
38,9,-0.0852245,0.000502578,2.24754,5.31008
38,10,-0.00126255,0.000547645,2.12665,5.0756
38,11,0.313957,0.000792213,1.78866,4.25031
38,12,0.159212,0.00104085,1.93138,4.45203
38,13,-0.257708,0.000361093,1.85281,3.94096
38,14,-0.1337,0.000549279,1.67517,3.59231
38,15,-0.0707887,0.00149413,1.82391,4.01358
38,16,0.0294507,0.00198401,1.56032,3.51839
38,17,0.400885,0.00118964,1.34718,3.22143
38,18,0.00407127,0.00137428,1.7363,4.55888
38,19,-0.0623417,0.00138297,1.34667,3.59606
38,20,0.0302518,0.00260733,0.619675,1.39891
38,21,0.464276,0.0136572,0.230534,0.316621
38,22,0.189915,0.0174055,0.245591,0.268085
39,0,0.247428,0.0278208,0.191405,0.231034
39,1,0.175049,0.0097993,0.251347,0.252083
39,2,-0.0177159,0.000601286,0.437845,0.575835
39,3,-0.112174,0.00109235,0.684581,1.13897
39,4,-0.226052,0.00188649,0.786661,1.54171
39,5,-0.0144758,0.00211173,0.794032,1.5884
39,6,-0.03483,0.00177826,1.15437,2.29468
39,7,-0.0840754,0.00138399,1.45038,2.98066
39,8,-0.343488,0.000484804,1.54961,3.3162
39,9,0.261062,0.00032711,3.04067,6.86342
39,10,-0.263947,0.000105951,3.2093,7.35118
39,11,-0.326778,0.000123366,3.03617,7.06931
39,12,-0.176888,0.000398639,2.08988,4.60597
39,13,0.508496,0.000371574,1.30982,2.72899
39,14,-0.203577,0.00042671,1.51595,3.17111
39,15,-0.0892713,0.00130506,1.52854,3.32079
39,16,-0.040846,0.00184794,1.73289,4.04869
39,17,0.0325824,0.00077337,1.70569,4.24241
39,18,-0.0176128,0.00151311,1.49893,3.82095
39,19,0.00237622,0.0023788,0.887835,2.19109
39,20,0.0826512,0.00891748,0.358183,0.712031
39,21,0.24776,0.0295749,0.224008,0.414003
39,22,-0.0722993,0.0236527,0.273195,0.502985
40,0,-0.0716605,0.0115571,0.358372,0.525099
40,1,-0.327139,0.0030621,0.366912,0.463335
40,2,0.0228838,0.000772161,0.401254,0.540245
40,3,-0.0530774,0.000554923,0.499156,0.787159
40,4,-0.283439,0.00145596,0.788081,1.53061
40,5,-0.24849,0.00182159,0.815088,1.60578
40,6,-0.0827502,0.00133848,1.15681,2.29873
40,7,0.10979,0.00208769,1.24407,2.57354
40,8,1.39873,0.00219514,0.81415,1.52207
40,9,-0.0482927,0.000882501,1.77626,3.60372
40,10,0.175462,7.39e-05,2.28829,4.74531
40,11,0.044117,0.000181552,2.14824,4.56884
40,12,-0.0637081,0.000394285,1.63678,3.46542
40,13,-0.166754,0.000340467,1.53195,3.21326
40,14,0.536191,0.000411409,1.12826,2.25101
40,15,0.0639517,0.000917644,1.47103,3.09227
40,16,-0.119699,0.00123021,1.84991,4.29397
40,17,-0.203705,0.000821322,1.82287,4.52106
40,18,-0.111727,0.00159188,1.2203,2.9613
40,19,-0.0246397,0.00296189,0.712375,1.61496
40,20,0.238094,0.009948,0.397744,0.790165
40,21,0.149682,0.0243033,0.405308,0.886083
40,22,-0.000162846,0.0203075,0.440689,0.901093
41,0,-0.0222273,0.00735144,0.532454,0.858285
41,1,-0.020357,0.00217961,0.384509,0.537108
41,2,0.144215,0.00097352,0.268388,0.367506
41,3,0.44572,0.000437441,0.327737,0.508369
41,4,-0.0517254,0.0014966,0.760021,1.46551
41,5,0.288414,0.00172824,0.739589,1.43371
41,6,-0.0526683,0.000814795,1.14666,2.2772
41,7,0.260167,0.00135376,1.66619,3.60707
41,8,0.0652312,0.00108962,1.43724,3.04873
41,9,-0.541602,0.00114719,1.71131,3.54214
41,10,-0.0704853,0.000158906,2.10843,4.31379
41,11,0.203814,0.00039941,1.76531,3.66429
41,12,0.199014,0.000464185,1.43616,2.97296
41,13,0.144531,0.000429572,1.24394,2.55737
41,14,0.12672,0.000300525,1.33501,2.77399
41,15,0.00628956,0.000570837,1.65497,3.48464
41,16,-0.0016546,0.00102454,1.70029,3.71004
41,17,0.00636462,0.0014999,1.34961,3.07854
41,18,0.17342,0.00265972,0.875365,1.96629
41,19,-0.0652846,0.00333571,0.613098,1.27016
41,20,-0.45327,0.00403352,0.559203,1.20043
41,21,-0.140664,0.0101601,0.674318,1.56148
41,22,-0.0176398,0.0128964,0.693039,1.45833
42,0,0.00750776,0.00484929,0.736497,1.22155
42,1,0.137479,0.00143309,0.493069,0.722127
42,2,0.451895,0.000449403,0.316368,0.465399
42,3,0.616491,0.000563566,0.324502,0.525415
42,4,0.309533,0.00138153,0.744914,1.4091
42,5,0.296836,0.00120634,0.91925,1.82243
42,6,0.631006,0.000372347,1.16817,2.31641
42,7,-0.348061,0.000473948,2.58739,5.67527
42,8,-0.709743,0.000291903,3.13617,7.00118
42,9,-0.15975,0.000394594,2.842,6.0246
42,10,0.0506458,6.23e-05,2.42871,5.07528
42,11,-0.204794,0.000180333,2.62975,5.7119
42,12,0.0789234,0.000282755,2.13652,4.68951
42,13,0.374135,0.000353421,1.56822,3.39565
42,14,0.0554502,0.000228488,1.67498,3.63733
42,15,-0.0062551,0.000457293,1.69278,3.5824
42,16,-0.00491485,0.00104512,1.49695,3.14588
42,17,0.0592773,0.00193376,1.14146,2.47206
42,18,0.0286544,0.00285549,0.961622,2.19581
42,19,0.253422,0.00353139,0.657001,1.40357
42,20,0.0930879,0.00375529,0.627249,1.37488
42,21,-0.116548,0.00485852,0.941627,2.22909
42,22,-0.10214,0.00644661,0.970617,2.0205
43,0,-0.0728527,0.00288172,0.859475,1.42732
43,1,0.00400891,0.000836427,0.793513,1.21992
43,2,-0.074505,0.000120082,0.643751,1.03611
43,3,-0.11996,0.000267517,0.764869,1.34602
43,4,-0.149153,0.000779188,1.01094,1.89631
43,5,-0.247205,0.000676737,1.21958,2.42826
43,6,-0.432104,0.000162311,1.33517,2.68054
43,7,-0.213397,0.00024979,2.23331,4.62687
43,8,-0.62955,0.000130014,3.06348,6.43006
43,9,0.732056,0.000114394,3.69418,7.62545
43,10,-0.534913,3.38e-05,2.95369,6.06501
43,11,0.0366621,8.25e-05,2.63924,5.47714
43,12,-0.227578,0.000163242,2.51098,5.44682
43,13,-0.523441,0.000145083,2.24799,4.95624
43,14,-0.181768,0.000156031,2.05193,4.55646
43,15,0.00154808,0.000353898,1.72285,3.67248
43,16,-0.030476,0.00080999,1.38077,2.84519
43,17,-0.0803143,0.00136027,1.2403,2.71324
43,18,0.0224308,0.00211399,1.17948,2.74127
43,19,0.155058,0.00302842,0.761271,1.68493
43,20,0.1569,0.00404101,0.691064,1.53644
43,21,0.0285126,0.00502817,0.830342,1.88974
43,22,-0.0123771,0.00464813,0.856395,1.72019
44,0,-0.044736,0.00186257,0.80616,1.41727
44,1,-0.110689,0.000759923,0.802067,1.26516
44,2,-0.311804,0.00025847,0.873924,1.45001
44,3,-0.146716,0.000105725,1.10623,1.96444
44,4,-0.20463,0.000166369,1.24314,2.30071
44,5,-0.215666,0.00039986,1.34426,2.67083
44,6,0.234253,0.000279607,1.15417,2.28271
44,7,0.2598,0.000749889,1.00737,1.91423
44,8,0.250922,0.000640737,1.27876,2.37097
44,9,-0.0778726,9.64e-05,2.1113,3.98663
44,10,0.0933479,0.000143478,2.10384,4.10456
44,11,0.148435,0.000265927,1.74149,3.44489
44,12,-0.074616,0.000313443,1.64055,3.38175
44,13,0.645624,0.000187734,1.25685,2.54573
44,14,-0.0397299,0.000148772,1.56208,3.34871
44,15,-0.0367519,0.000318654,1.63197,3.49431
44,16,0.146563,0.000678043,1.22348,2.49259
44,17,0.0280905,0.00156434,1.106,2.36519
44,18,-0.0391691,0.00191133,1.12914,2.585
44,19,0.0578577,0.00244915,1.04007,2.48899
44,20,0.327877,0.00348627,0.970646,2.33924
44,21,0.0396739,0.00463288,0.953632,2.25709
44,22,0.0386496,0.00395067,0.867215,1.8456
45,0,-0.00941144,0.00126816,0.703764,1.20068
45,1,-0.0823178,0.00128598,0.658742,1.04799
45,2,-0.0866122,0.000883998,0.818019,1.38051
45,3,-0.160217,0.000402204,0.944439,1.65203
45,4,-0.104233,0.000180606,0.974835,1.74556
45,5,-0.123695,0.000188648,1.50207,2.995
45,6,0.0643439,0.000225806,1.71861,3.57531
45,7,0.148808,0.000276403,1.65889,3.42926
45,8,-0.0703226,0.000286957,1.83546,3.7522
45,9,-0.283025,8.83e-05,1.88516,3.60848
45,10,-0.201203,6.01e-05,2.33493,4.59932
45,11,-0.0424238,8.82e-05,2.52414,5.17788
45,12,-0.288758,0.000139287,2.38959,5.04297
45,13,0.231578,0.000148788,1.77012,3.78113
45,14,0.167927,0.000106124,1.40436,2.97858
45,15,-0.0762432,0.000186884,1.6182,3.45246
45,16,-0.116117,0.000458311,1.58055,3.42702
45,17,-0.0206742,0.00103885,1.71071,3.88018
45,18,-0.195239,0.000642715,1.60146,3.83765
45,19,-0.164,0.000832025,1.39297,3.46357
45,20,-0.424797,0.00104248,1.27183,3.09282
45,21,-0.082953,0.00205653,1.16844,2.67882
45,22,-0.0964107,0.00218219,0.911905,1.82257
46,0,-0.120106,0.00224422,0.636404,1.03239
46,1,-0.0152865,0.00247701,0.734534,1.18278
46,2,-0.0395736,0.00169108,0.797998,1.34428
46,3,0.107229,0.00113159,0.735493,1.26201
46,4,0.16397,0.00063319,0.94324,1.72646
46,5,0.0488961,0.000136483,1.78782,3.58687
46,6,-0.275657,9.84e-05,2.48856,5.20928
46,7,-0.460204,6.26e-05,2.62298,5.525
46,8,-0.152774,6.61e-05,2.20486,4.52603
46,9,-0.050556,5.57e-05,1.71292,3.3279
46,10,-0.03489,7.19e-05,1.80219,3.44237
46,11,-0.0296626,0.000158824,1.99295,3.8704
46,12,0.02049,0.000366812,1.78772,3.56224
46,13,-0.190883,0.000239416,1.84234,3.95996
46,14,-0.20444,8.24e-05,1.72019,3.77843
46,15,-0.197248,7.2e-05,1.52482,3.22132
46,16,-0.0803599,0.000181777,1.97608,4.35679
46,17,0.158289,0.000480785,1.9687,4.39966
46,18,0.191312,0.000568309,1.17476,2.64606
46,19,-0.020985,0.00130685,1.02071,2.42156
46,20,0.396326,0.00202991,0.793644,1.82064
46,21,-0.0439631,0.00329706,0.764175,1.68705
46,22,-0.0310288,0.00295941,0.693341,1.30548
47,0,-0.312729,0.00931604,0.471089,0.702136
47,1,-0.220113,0.00566581,0.73844,1.17425
47,2,-0.005567,0.002937,0.762095,1.26601
47,3,0.0550279,0.00149366,0.736389,1.29094
47,4,-0.706122,0.00102951,1.17194,2.20389
47,5,0.134126,0.000374535,1.92798,3.80956
47,6,-0.309346,0.000190315,2.25898,4.51773
47,7,-0.242823,0.000127983,2.2244,4.49275
47,8,-0.0598389,0.000107054,1.8307,3.65671
47,9,0.106536,0.000105328,1.42703,2.75814
47,10,-0.172986,0.00324347,0.792516,1.86293
47,11,-0.0038686,0.000285881,1.471,2.77262
47,12,0.144548,0.000517879,1.59435,3.22836
47,13,0.0642582,0.000277626,1.81748,3.91775
47,14,-0.363007,0.000104777,1.93602,4.35086
47,15,0.0780521,0.000281064,1.26709,2.60214
47,16,-0.00645229,0.000239844,1.45165,3.05504
47,17,-0.0276952,0.000436263,1.34602,2.79104
47,18,0.0155413,0.000698585,1.28437,2.91172
47,19,-0.0829168,0.00116228,1.10035,2.58331
47,20,-0.216475,0.00211062,0.856449,1.99165
47,21,-0.165777,0.00328981,0.729812,1.64433
47,22,-0.20575,0.00663784,0.501956,0.900443
48,0,0.525776,0.0276197,0.323938,0.583481
48,1,0.14306,0.00907275,0.709926,1.18732
48,2,-0.0981541,0.00570617,0.754877,1.23963
48,3,0.678727,0.00267808,0.667875,1.19875
48,4,0.437922,0.00215408,0.943575,1.82061
48,5,0.134119,0.00136891,1.46494,2.80946
48,6,-0.0730592,0.0010177,1.45235,2.70033
48,7,-0.115456,0.000467703,1.55413,2.93263
48,8,-0.27024,0.000140193,1.78199,3.50171
48,9,0.0081117,0.000109508,1.75951,3.5045
48,10,-0.0634481,0.000102155,1.55513,3.01831
48,11,-0.0328381,0.000169688,1.59046,3.09562
48,12,-0.0849381,0.000177827,2.21982,4.64595
48,13,0.0977873,0.000105318,2.90164,6.40663
48,14,0.113077,0.000209318,2.27633,4.95768
48,15,0.875407,0.000839537,1.11209,2.26423
48,16,-0.172284,0.000292392,1.1336,2.33156
48,17,-0.0114077,0.000410039,1.06923,2.13066
48,18,-0.0489918,0.00142902,1.05303,2.27897
48,19,0.0700409,0.0040706,0.685992,1.41475
48,20,0.166078,0.0123957,0.480738,1.03613
48,21,-0.0469859,0.0154737,0.429749,0.981979
48,22,0.610972,0.0319423,0.242893,0.511292
49,0,-0.200673,0.0188939,0.437044,0.904457
49,1,-0.0237966,0.0198593,0.523171,1.02211
49,2,-0.489212,0.00986882,0.797987,1.40666
49,3,-0.054514,0.00226821,1.04587,1.94898
49,4,-0.23549,0.0013313,1.20149,2.38157
49,5,-0.0792927,0.002487,1.16999,2.26356
49,6,0.0501043,0.00312916,1.03612,1.88405
49,7,0.0667905,0.00155507,1.11769,2.0515
49,8,0.0752569,0.000486327,1.32846,2.50608
49,9,0.0567397,0.000179764,1.81807,3.53399
49,10,-0.346343,0.000120245,1.78416,3.45064
49,11,-0.177583,0.000124462,1.75353,3.45452
49,12,-0.145289,0.000150293,2.21237,4.54698
49,13,-0.0506308,0.000269723,2.05605,4.1319
49,14,-0.0832733,0.000989843,1.51585,3.06829
49,15,-0.312334,0.00107663,1.06297,2.20483
49,16,-0.169802,0.000323479,1.13268,2.33326
49,17,0.05498,0.000869427,0.765706,1.45098
49,18,-0.0870452,0.00212895,0.607856,1.14055
49,19,0.0733996,0.00734534,0.465148,0.803269
49,20,0.113342,0.0231499,0.450086,1.08968
49,21,0.206979,0.0187148,0.467936,1.29078
49,22,0.0891425,0.0239515,0.370732,0.886801
50,0,0.400503,0.0385632,0.347374,0.88355
50,1,0.273888,0.0218995,0.624175,1.48743
50,2,-0.00906346,0.00555447,1.19307,2.34291
50,3,-0.25229,0.00158029,1.36071,2.55183
50,4,-0.764949,0.00159086,1.16457,2.21837
50,5,-0.267638,0.002766,1.13545,2.16377
50,6,-0.101279,0.00277256,1.23342,2.33626
50,7,-0.0612626,0.00137331,1.40562,2.69271
50,8,-0.117855,0.00065461,1.33196,2.55161
50,9,-0.0449007,0.000317865,1.12451,2.0385
50,10,0.0197776,0.000188854,1.3095,2.47389
50,11,0.0654684,0.000210365,1.62201,3.20142
50,12,-0.0671621,0.000283436,1.61701,3.21151
50,13,0.0700421,0.000362155,1.58991,3.15632
50,14,0.0144729,0.00103955,1.58202,3.34513
50,15,0.881532,0.00141019,0.846767,1.75489
50,16,0.0812302,0.000376237,1.17958,2.42807
50,17,0.139489,0.000654689,1.02838,2.10017
50,18,-0.0671193,0.00179846,0.801971,1.66393
50,19,0.163487,0.00395202,0.654092,1.33354
50,20,0.138749,0.0100575,0.89576,2.31624
50,21,-0.0512482,0.0126906,0.737174,1.96576
50,22,-0.00518638,0.0216201,0.444619,1.10037
51,0,0.47242,0.0325405,0.507422,1.2819
51,1,-0.0373046,0.0122548,1.14201,2.76169
51,2,-0.0390211,0.00310663,1.43259,2.8574
51,3,0.078347,0.00194126,1.0036,1.85569
51,4,0.448134,0.00284236,0.766033,1.45384
51,5,-0.131608,0.00270324,0.97525,1.89935
51,6,-0.0921471,0.002881,1.29623,2.49716
51,7,-0.214,0.00161023,1.43397,2.71072
51,8,-0.167093,0.000829049,1.37131,2.55609
51,9,0.237807,0.000349406,1.17143,2.19174
51,10,0.107188,0.00014008,1.3085,2.53144
51,11,0.0715839,0.000159371,2.16764,4.46825
51,12,-0.166157,0.000182957,2.28856,4.69637
51,13,-0.144475,0.000233936,1.9256,3.89274
51,14,-0.116683,0.000551453,1.84327,3.89477
51,15,-0.342785,0.00082179,1.32175,2.95498
51,16,0.263627,0.000847158,0.874566,1.75074
51,17,-0.000164429,0.000554201,1.14099,2.4107
51,18,-0.126134,0.000670162,1.34207,3.0124
51,19,-0.111358,0.00275762,1.33685,3.18397
51,20,-0.0419461,0.0102304,1.03349,2.63253
51,21,0.222724,0.019489,0.70299,1.9209
51,22,0.35089,0.0194673,0.489165,1.21114
52,0,0.906012,0.0066503,0.961426,2.37537
52,1,-0.107112,0.0063449,1.55722,3.8596
52,2,-0.0206681,0.00281883,1.45753,2.89415
52,3,0.0251529,0.00140897,0.992115,1.79818
52,4,-0.0838021,0.00229425,0.867007,1.64991
52,5,0.313004,0.00300486,0.871666,1.74092
52,6,0.182645,0.00438828,1.02034,2.05518
52,7,0.00524921,0.00409554,0.975051,1.8197
52,8,-0.184532,0.00199927,1.06825,1.92849
52,9,-0.191263,0.000512486,1.55157,3.01891
52,10,-0.259376,0.000177364,1.73222,3.49918
52,11,0.0531733,0.000221331,2.34025,4.81544
52,12,0.0636189,0.000213438,2.30389,4.58072
52,13,-0.0918159,0.000301997,1.82205,3.67374
52,14,-0.0302248,0.000422647,1.93093,4.09041
52,15,-0.219883,0.000429081,1.99647,4.55127
52,16,-0.236827,0.000513308,1.38696,2.99475
52,17,0.195798,0.000472683,1.18267,2.5328
52,18,-0.0209886,0.000294219,1.40513,3.15874
52,19,-0.146868,0.00147815,1.77323,4.28787
52,20,-0.057893,0.00460623,1.64146,4.0781
52,21,-0.0317685,0.00902668,1.37633,3.63512
52,22,0.0980887,0.00701299,0.814048,1.93893
53,0,-0.115973,0.00322238,1.70576,4.32178
53,1,-0.530679,0.00258613,1.97198,4.78431
53,2,0.00558256,0.00159819,1.28242,2.45592
53,3,-0.0698187,0.00164775,0.869551,1.53315
53,4,0.159909,0.0032054,0.745966,1.39931
53,5,-0.197097,0.00361062,0.852879,1.72887
53,6,-0.179999,0.00572088,0.926948,1.90572
53,7,0.0722652,0.00602949,0.896984,1.74587
53,8,0.264326,0.00246315,1.13435,2.21296
53,9,-0.136615,0.000904427,1.56289,3.04296
53,10,-0.506187,0.00041012,1.73441,3.48586
53,11,-0.204358,0.000443052,1.49098,2.90199
53,12,0.134609,0.000410319,1.31999,2.43738
53,13,-0.104381,0.000362407,1.60052,3.17816
53,14,-0.147315,0.000319441,1.99509,4.16254
53,15,-0.0872535,0.000416121,2.11963,4.66252
53,16,-0.172619,0.000731663,1.65603,3.61481
53,17,-0.06379,0.000727699,1.12122,2.36374
53,18,0.137698,0.000339217,1.06952,2.28328
53,19,0.0705681,0.000862616,1.41249,3.22899
53,20,-0.25261,0.00194617,2.16762,5.30903
53,21,-0.0345781,0.00388061,2.17032,5.43529
53,22,-0.351086,0.00441425,1.59154,3.84458
54,0,-0.27077,0.00328851,2.59248,6.28005
54,1,-0.459363,0.00207157,1.94892,4.27531
54,2,-0.0863631,0.00117255,1.07651,1.96995
54,3,0.107413,0.00202055,0.725,1.25205
54,4,0.311481,0.00304411,0.818691,1.5727
54,5,0.507562,0.00342618,0.824278,1.65683
54,6,0.150581,0.00538158,0.920433,1.91596
54,7,-0.15835,0.0047084,1.11279,2.23605
54,8,-0.174229,0.0025073,1.24282,2.50017
54,9,-0.027597,0.00167084,1.24882,2.42849
54,10,0.106976,0.00193932,1.97465,4.615
54,11,-0.220866,0.0003834,1.47049,2.82233
54,12,0.123869,0.00217929,0.695473,1.19844
54,13,0.0223071,0.000394855,1.4548,2.86199
54,14,0.124444,0.00211355,0.704002,1.21263
54,15,-0.141726,0.000432601,2.10129,4.51478
54,16,0.222369,0.00148726,1.56638,3.44887
54,17,0.523479,0.00142373,1.01885,2.15504
54,18,0.158818,0.000482883,1.04986,2.24344
54,19,0.109944,0.000896676,1.29053,2.95641
54,20,0.0210725,0.00149893,1.71206,4.00717
54,21,-0.236921,0.00215402,2.05573,4.7643
54,22,-0.806823,0.00245711,2.20072,5.20294
55,0,0.395837,0.00584816,1.7968,4.07317
55,1,-0.164143,0.0055351,1.21083,2.29354
55,2,-0.0584448,0.00163113,0.799383,1.33536
55,3,-0.428455,0.00151379,0.817565,1.42092
55,4,-0.19085,0.00247321,1.22453,2.37696
55,5,0.172204,0.00271552,1.0751,2.1471
55,6,0.133451,0.00411912,1.06117,2.24284
55,7,-0.00160485,0.00441748,1.18266,2.49051
55,8,0.109587,0.0031393,1.18789,2.43604
55,9,0.167118,0.00182772,1.25747,2.51164
55,10,0.0100166,0.000756566,1.23265,2.3521
55,11,-0.0898202,0.000312961,1.46759,2.76856
55,12,-0.0654848,0.000255016,1.82109,3.56551
55,13,-0.222326,0.000313755,1.59482,3.14791
55,14,-0.0616655,0.000357474,1.60394,3.24987
55,15,-0.0219794,0.000372624,2.13703,4.58746
55,16,-0.0202359,0.000778107,2.26404,5.10359
55,17,0.0427963,0.000596778,1.65171,3.69995
55,18,-0.0566448,0.000258541,1.50997,3.40345
55,19,-0.019441,0.000956505,1.53066,3.6026
55,20,-0.00169165,0.00176933,1.28663,3.00412
55,21,0.137219,0.00440921,1.06848,2.32778
55,22,-0.144435,0.005806,1.30291,2.87984
56,0,-0.0928483,0.00783717,1.09672,2.48829
56,1,-0.072732,0.0142403,0.771493,1.47795
56,2,0.33237,0.00792338,0.625696,1.07106
56,3,0.457761,0.00211233,0.790699,1.46014
56,4,-0.681349,0.00144366,1.37156,2.6677
56,5,-0.215979,0.00174381,1.35252,2.59644
56,6,-0.324329,0.00253396,1.58027,3.29465
56,7,0.0329372,0.00272581,1.94667,4.06051
56,8,-0.0559795,0.00170402,1.80753,3.66775
56,9,-0.194604,0.000911386,1.53668,2.99168
56,10,-0.142581,0.000532196,1.23466,2.32004
56,11,-0.00405856,0.000329683,1.33031,2.48298
56,12,0.137519,0.000305579,1.73401,3.33901
56,13,-0.0380527,0.000429134,1.54821,3.04978
56,14,-0.0505595,0.000507068,1.41878,2.85016
56,15,-0.115496,0.00035933,1.889,3.90274
56,16,-0.217833,0.00035361,2.53562,5.49359
56,17,-0.205416,0.000258298,2.31082,5.16755
56,18,0.165686,0.000214531,1.75874,3.9895
56,19,0.0016758,0.00109731,1.70935,3.97918
56,20,0.124254,0.00190394,1.31711,2.96953
56,21,0.204089,0.00492621,1.04859,2.32215
56,22,0.119955,0.00665244,1.14156,2.67275
57,0,0.188443,0.00761028,1.09724,2.36854
57,1,0.275275,0.0112958,0.913362,1.88386
57,2,-0.114593,0.00915384,1.02818,2.04589
57,3,-0.0498206,0.00241265,1.22625,2.43166
57,4,0.46039,0.00132598,0.930681,1.83971
57,5,0.641732,0.00321122,0.904609,1.77772
57,6,-0.203554,0.00182366,1.71106,3.63798
57,7,-0.0862765,0.00271361,1.74337,3.55329
57,8,-0.0398146,0.00220513,1.49542,2.90096
57,9,0.0925501,0.000990837,1.22211,2.26234
57,10,0.154888,0.000525778,1.2238,2.29099
57,11,0.0882069,0.000361284,1.30706,2.46388
57,12,-0.0782705,0.000347367,1.43034,2.69214
57,13,-0.0894128,0.000530564,1.55214,3.07562
57,14,0.101194,0.000906595,1.28825,2.59672
57,15,0.333071,0.00123246,1.07892,2.11382
57,16,0.365259,0.00107063,1.36385,2.77946
57,17,-0.134168,0.000405899,2.10913,4.70927
57,18,0.00889827,0.000263838,2.29524,5.35267
57,19,-0.0486544,0.000569217,1.93844,4.49401
57,20,0.117393,0.00087844,1.53054,3.43303
57,21,0.0826128,0.00275772,1.39884,3.18648
57,22,0.00172937,0.00526559,1.42903,3.3388
58,0,0.034536,0.00446582,1.2856,2.69268
58,1,-0.120686,0.00591381,1.43278,3.09449
58,2,-0.0468614,0.00443776,1.51064,3.19481
58,3,-0.0760692,0.00284161,1.50665,3.02525
58,4,0.286943,0.00164614,1.00745,1.92172
58,5,0.43948,0.00155702,1.16961,2.40317
58,6,-0.186649,0.00332271,1.14408,2.40554
58,7,-0.0144791,0.00409352,1.22991,2.50581
58,8,0.00712329,0.00251878,1.474,2.88709
58,9,-0.0848664,0.000838252,1.42355,2.66978
58,10,-0.267485,0.00041749,1.61455,3.07249
58,11,-0.14909,0.000272608,1.66894,3.18103
58,12,0.0258795,0.000233922,1.53384,2.91291
58,13,0.0835224,0.000452129,1.56108,3.10242
58,14,0.201011,0.000697724,1.58399,3.32531
58,15,-0.0414306,0.000616074,1.56044,3.28895
58,16,-0.0508527,0.000413018,1.87996,4.05164
58,17,0.0145194,0.000230228,2.69816,6.0385
58,18,-0.145278,0.000232056,2.89884,6.60173
58,19,-0.171584,0.000167768,2.21666,4.98776
58,20,0.0113916,0.000513336,1.86669,4.18915
58,21,-0.0028966,0.00238119,1.77108,4.12338
58,22,0.0119428,0.00382577,1.54311,3.5459
59,0,0.148949,0.00282243,1.47329,3.16692
59,1,0.0310625,0.0038064,1.80272,3.99346
59,2,-0.0097463,0.00302211,1.67444,3.51249
59,3,-0.075752,0.00271258,1.32574,2.59496
59,4,-0.130355,0.00190362,1.16664,2.24726
59,5,0.00264966,0.00219191,1.11959,2.3459
59,6,0.265059,0.00293311,1.0945,2.37453
59,7,-0.0135719,0.0023212,1.51239,3.21835
59,8,0.319023,0.00165658,1.70986,3.34759
59,9,-0.426793,0.000783401,1.55889,2.90257
59,10,-0.482602,0.000544594,1.5206,2.80961
59,11,-0.220605,0.000293603,1.65388,3.05309
59,12,-0.0691943,0.000155384,1.76079,3.34817
59,13,-0.130951,0.000213413,1.97268,3.969
59,14,-0.100397,0.000316637,2.21311,4.72734
59,15,-0.209292,0.000255466,2.14254,4.63902
59,16,-0.00259458,0.000172446,2.17057,4.7811
59,17,-0.0605221,0.00022586,2.38053,5.20362
59,18,-0.212608,0.000322016,1.95803,4.02642
59,19,-0.120313,0.000130489,1.89356,4.12139
59,20,-0.229327,0.000370402,2.17878,4.91588
59,21,-0.0403254,0.00178714,2.14857,4.92567
59,22,0.00330617,0.00268575,1.63898,3.63823
60,0,0.0174134,0.00277279,1.80264,4.02736
60,1,-0.180177,0.00251399,1.59461,3.44939
60,2,-0.10952,0.00490278,1.18484,2.3355
60,3,0.127619,0.00374141,1.10185,2.10918
60,4,-0.0900452,0.00238523,1.38225,2.76978
60,5,-0.356087,0.00141483,1.44922,2.97818
60,6,-0.262076,0.00181368,1.61453,3.51664
60,7,-0.424346,0.00128198,1.58183,3.36332
60,8,0.0554125,0.00193962,1.12979,2.09036
60,9,-0.312726,0.00236718,0.995654,1.72621
60,10,-0.238777,0.00175553,0.956206,1.64813
60,11,-0.0601817,0.000820696,1.05355,1.8136
60,12,-0.202662,0.000389632,1.3836,2.49244
60,13,-0.500449,0.00021205,1.84656,3.55172
60,14,-0.168443,0.00024672,2.21393,4.60796
60,15,-0.15611,0.000218495,2.08837,4.44171
60,16,-0.267261,0.000163161,2.08012,4.5352
60,17,-0.106244,0.000630072,1.58533,3.2285
60,18,0.644727,0.00260562,1.01844,1.97918
60,19,-0.0768313,0.000454839,1.22754,2.52189
60,20,0.00740274,0.00044681,1.35636,2.84223
60,21,-0.0815285,0.00159277,1.58161,3.33558
60,22,-0.0426279,0.00287842,1.64571,3.51853
61,0,0.00145414,0.00434098,1.56043,3.37406
61,1,0.442508,0.00458386,0.965219,1.82866
61,2,-0.00463842,0.00691477,1.04934,2.13786
61,3,0.034418,0.00371508,1.37227,2.79209
61,4,0.0447687,0.00199649,1.49922,3.06519
61,5,0.233471,0.00153671,1.34651,2.74321
61,6,-0.0385748,0.00243596,1.54281,3.35149
61,7,0.3056,0.00289621,1.04408,2.16591
61,8,0.389248,0.0038796,0.695139,1.34809
61,9,0.171939,0.0064755,0.549146,0.95811
61,10,0.216952,0.00492053,0.606033,1.02295
61,11,0.122636,0.00188616,0.734247,1.23534
61,12,0.0192426,0.00104186,0.818813,1.36973
61,13,0.174688,0.000580831,1.02365,1.79226
61,14,0.0303374,0.00048947,1.58673,3.07121
61,15,-0.167044,0.000415238,1.70733,3.45782
61,16,-0.428386,0.000345567,1.63199,3.39576
61,17,-0.183303,0.000489323,1.65763,3.49924
61,18,0.0227654,0.000831654,1.60141,3.44464
61,19,-0.0717848,0.000461875,1.23403,2.57358
61,20,0.24779,0.000445509,0.96983,1.91159
61,21,0.417488,0.00230732,0.977677,1.9883
61,22,-0.233624,0.0042965,1.53101,3.36087
62,0,0.164742,0.00604904,0.956933,1.86742
62,1,0.191732,0.00610594,1.00736,1.95573
62,2,-0.0438787,0.00359983,1.61479,3.53335
62,3,-0.0935872,0.0026816,1.70193,3.57989
62,4,0.0553583,0.00219215,1.44343,2.9428
62,5,-0.420337,0.00126262,1.55819,3.19597
62,6,-0.258523,0.00245208,1.43028,2.96716
62,7,-0.181756,0.00285364,1.22073,2.46941
62,8,-0.0996615,0.00259029,1.04002,2.02801
62,9,0.0579263,0.0035784,0.849664,1.55908
62,10,-0.0374468,0.00331334,0.859236,1.51122
62,11,-0.0654142,0.0015453,0.847752,1.43881
62,12,-0.0272032,0.000901841,0.798699,1.30601
62,13,0.118,0.000632642,0.906651,1.55617
62,14,-0.0422913,0.000948376,1.0309,1.84139
62,15,-0.106884,0.00135015,1.05579,1.97701
62,16,0.504676,0.0026945,0.862546,1.61946
62,17,-0.123751,0.00115229,1.28043,2.65705
62,18,-0.0957124,0.000451397,1.79951,3.94181
62,19,0.0271322,0.000483712,1.52238,3.25076
62,20,0.0424652,0.000410669,1.32424,2.78615
62,21,0.166242,0.00168323,1.36288,2.99143
62,22,-0.079729,0.00443267,1.50512,3.43767
63,0,-0.0521041,0.00246221,1.42422,2.91212
63,1,-0.0145351,0.00284303,1.93032,4.17217
63,2,-0.00256436,0.00193964,1.91229,4.13998
63,3,-0.0380623,0.00202216,1.76189,3.69733
63,4,-0.170752,0.00199301,1.55321,3.14007
63,5,0.13164,0.00281894,1.1083,2.15953
63,6,-0.000829227,0.003549,1.0131,2.03062
63,7,-0.311262,0.00268526,1.12136,2.19127
63,8,-0.406761,0.00253647,1.01543,1.91074
63,9,-0.241053,0.0023319,1.05033,1.96762
63,10,-0.039892,0.00234834,1.029,1.82633
63,11,-0.0440209,0.00129374,0.925641,1.53105
63,12,-0.12091,0.000552516,0.886799,1.45179
63,13,-0.143062,0.000493299,1.02004,1.76548
63,14,-0.00223636,0.00106843,0.943875,1.66751
63,15,0.0261344,0.00216118,0.894366,1.65833
63,16,0.145236,0.00477152,0.76242,1.44379
63,17,-0.183188,0.00285968,0.893867,1.79231
63,18,-0.0819679,0.000912272,1.40522,3.06959
63,19,0.168837,0.000529936,1.72028,3.80593
63,20,-0.0267874,0.000553566,1.74779,3.91207
63,21,-0.149525,0.00135373,1.81811,4.18877
63,22,-0.00621257,0.00304221,1.56624,3.46234
64,0,-0.0495405,0.00172816,1.64979,3.55863
64,1,0.0123215,0.002902,1.77135,3.81217
64,2,-0.0748052,0.00260874,1.67975,3.50795
64,3,-0.228132,0.00194188,1.37669,2.77799
64,4,-0.113049,0.00532339,0.835484,1.52435
64,5,0.0277873,0.00677106,0.803031,1.49644
64,6,-0.381229,0.00355096,0.966805,1.98303
64,7,0.314553,0.0136255,0.509446,0.918034
64,8,0.0397875,0.00759219,0.647501,1.21975
64,9,-0.0788405,0.00373778,0.844807,1.59737
64,10,-0.0505475,0.00294195,0.87171,1.53821
64,11,-0.0701689,0.00157184,0.83008,1.3326
64,12,0.0308178,0.000615108,0.838936,1.36652
64,13,0.0139201,0.000482814,0.970912,1.669
64,14,-0.0384708,0.00065096,1.11414,1.98889
64,15,0.0083306,0.0020463,1.13687,2.17059
64,16,-0.00735504,0.00667631,0.858163,1.70434
64,17,-0.00512487,0.00736783,0.682059,1.31575
64,18,-0.138262,0.00151477,1.11726,2.3783
64,19,-0.114246,0.00033276,2.05546,4.68709
64,20,-0.0588116,0.000428478,2.03389,4.57279
64,21,-0.0486174,0.00107057,1.63823,3.58792
64,22,-0.00460418,0.00268412,1.54773,3.36897
65,0,-0.084403,0.00201597,1.42598,2.98892
65,1,0.0685313,0.0038675,1.26243,2.60016
65,2,0.025271,0.00400349,1.48984,3.06989
65,3,0.209585,0.00488324,0.901459,1.68192
65,4,0.705828,0.0107233,0.570168,1.04812
65,5,-0.338768,0.00619121,0.986183,1.90044
65,6,0.358382,0.00628665,0.985678,1.95059
65,7,0.906044,0.0143998,0.430529,0.763974
65,8,0.0462126,0.0091759,0.713068,1.46343
65,9,0.181376,0.00542542,0.757024,1.502
65,10,0.00816291,0.00378183,0.773738,1.39653
65,11,-0.0129289,0.00195156,0.786993,1.26647
65,12,-0.000395486,0.000774717,0.888577,1.46194
65,13,-0.0362376,0.000486419,0.966417,1.67045
65,14,-0.0727,0.000372089,1.17939,2.08939
65,15,-0.0940661,0.00087742,1.59795,3.09123
65,16,0.020223,0.00593132,1.2319,2.60188
65,17,0.445517,0.0226247,0.43359,0.837032
65,18,0.277871,0.0096053,0.542576,1.02742
65,19,0.0992349,0.000835583,1.21978,2.6142
65,20,-0.0207312,0.000343583,1.53593,3.20022
65,21,0.0369635,0.000892835,1.61856,3.49317
65,22,0.16602,0.00261783,1.88672,4.16529
66,0,0.160874,0.00400441,1.04502,2.07965
66,1,0.0368766,0.00426551,1.21646,2.54136
66,2,-0.340773,0.00420109,1.17733,2.33014
66,3,-0.402193,0.00855409,0.691903,1.13087
66,4,-0.185364,0.00710798,0.826619,1.61764
66,5,-0.146191,0.0128812,0.71238,1.40956
66,6,-0.318033,0.0128825,0.723835,1.44368
66,7,-0.140079,0.00622244,0.775244,1.50195
66,8,-0.23333,0.00616077,1.01076,2.09492
66,9,-0.0527543,0.00449077,1.01944,2.04165
66,10,-0.0841678,0.00274698,0.922368,1.67951
66,11,-0.263587,0.00157087,0.906956,1.49208
66,12,-0.135318,0.000885557,1.00903,1.67991
66,13,-0.0237816,0.000540257,1.04641,1.7977
66,14,-0.131712,0.000332539,1.08803,1.90134
66,15,-0.132237,0.000490323,1.46441,2.75035
66,16,-0.298601,0.00168961,1.9583,4.20073
66,17,0.806867,0.0159932,0.87982,1.95766
66,18,1.0265,0.0179297,0.514774,1.03896
66,19,-0.640281,0.00115161,1.03235,2.21039
66,20,0.112264,0.000440347,1.14292,2.30248
66,21,0.0734761,0.00150026,1.27839,2.72093
66,22,-0.0556205,0.00426821,1.30983,2.78465
67,0,0.134711,0.00498238,1.11606,2.26033
67,1,-0.114603,0.00423046,1.33235,2.86488
67,2,0.52439,0.0328707,0.542074,0.98563
67,3,0.0311989,0.0508681,0.313331,0.57959
67,4,0.243523,0.0203408,0.483853,1.06466
67,5,0.527918,0.0187208,0.569925,1.22863
67,6,-0.156574,0.00723731,0.966571,2.04514
67,7,-1.17923,0.0108775,0.779844,1.48335
67,8,-1.38894,0.0111839,0.892117,1.83046
67,9,-0.0844093,0.00472246,1.05647,2.10616
67,10,-0.260579,0.00279523,0.886338,1.58661
67,11,0.0179462,0.00186,0.828871,1.37149
67,12,-0.0902017,0.00136943,0.973293,1.59879
67,13,-0.0502431,0.000767636,0.990786,1.64303
67,14,-0.0504006,0.000505622,0.903703,1.53537
67,15,0.0803631,0.000579391,0.977294,1.76717
67,16,-0.428643,0.000637816,1.6285,3.36407
67,17,-0.734702,0.000762755,2.70187,6.35818
67,18,-0.911492,0.001275,2.0104,4.90601
67,19,0.0959907,0.000306435,1.60193,3.57221
67,20,-0.0437856,0.000366655,1.25873,2.61804
67,21,0.0198724,0.00153185,1.22309,2.60668
67,22,-0.0610079,0.00475802,1.14263,2.41154
68,0,-0.0769451,0.00667242,1.09814,2.22116
68,1,-0.0952719,0.0155405,0.822756,1.66598
68,2,0.27249,0.0659334,0.304387,0.57239
68,3,0.248912,0.0475629,0.413891,0.903015
68,4,-0.00604589,0.0156981,0.844811,1.8744
68,5,-0.570897,0.00440035,1.1461,2.46716
68,6,-0.515496,0.00876888,0.629051,1.20186
68,7,1.78073,0.00747562,0.246288,0.541474
68,8,-0.125432,0.0115134,0.536391,1.25896
68,9,-0.00346478,0.00713777,0.768196,1.59248
68,10,-0.129528,0.00584805,0.648249,1.15847
68,11,-0.0488457,0.00360447,0.718043,1.2257
68,12,-0.234324,0.00162213,0.894786,1.46853
68,13,-0.175803,0.000904581,0.993313,1.56803
68,14,0.0193884,0.000564392,0.963009,1.61083
68,15,0.0433208,0.000639176,0.92694,1.65831
68,16,0.0200355,0.00116581,1.04328,1.99596
68,17,0.0210991,0.00184161,1.35148,2.89638
68,18,-0.378025,0.000978519,1.633,3.70426
68,19,0.0198866,0.000586296,1.38585,3.05019
68,20,0.150491,0.000547091,1.20708,2.52854
68,21,0.0538708,0.00229863,1.10698,2.28673
68,22,0.0141849,0.00526672,1.10115,2.35331
69,0,0.107304,0.00816537,0.855958,1.59845
69,1,-0.016166,0.0154207,0.750947,1.44668
69,2,0.00437776,0.0282255,0.517512,0.926733
69,3,0.00522478,0.0262051,0.611031,1.24915
69,4,-0.0198205,0.0089659,1.20716,2.79472
69,5,-0.077717,0.0122317,0.728186,1.51729
69,6,-0.0912653,0.0181919,0.309302,0.784146
69,7,0.251698,0.0109903,0.358448,0.909645
69,8,-0.153003,0.00911935,0.638338,1.56383
69,9,-0.00382265,0.0075716,0.759572,1.67491
69,10,-0.0947268,0.00463709,0.664339,1.26423
69,11,0.148397,0.00350325,0.82976,1.45749
69,12,-0.369386,0.0017744,0.789734,1.26814
69,13,-0.430697,0.00114981,0.866665,1.3073
69,14,-0.0277122,0.000698606,1.15593,1.89213
69,15,-0.258819,0.000389931,1.15324,2.04588
69,16,-0.183563,0.00109967,1.14593,2.21254
69,17,-0.0230142,0.00403258,0.991447,2.02805
69,18,-0.142794,0.00458541,0.985825,2.14409
69,19,-0.343448,0.00313901,1.02184,2.16012
69,20,-0.321801,0.000618324,1.46349,3.15955
69,21,0.00541161,0.00248753,1.37791,2.96675
69,22,-0.054447,0.00490612,1.14718,2.41754
70,0,0.105325,0.00470095,0.836697,1.50394
70,1,-0.0189869,0.00781065,0.878016,1.63277
70,2,-0.117679,0.0199152,0.616975,1.05014
70,3,0.243127,0.0413709,0.491143,1.04172
70,4,-0.326213,0.00965609,1.19584,2.91583
70,5,1.0851,0.0120579,0.505822,1.11128
70,6,0.852943,0.0266073,0.268164,0.645925
70,7,-0.21712,0.0151918,0.6201,1.51697
70,8,-0.243481,0.0106662,0.753171,1.79978
70,9,0.000464203,0.00838394,0.833161,1.84358
70,10,-0.0953079,0.00480438,0.676119,1.31081
70,11,0.0135701,0.0042026,0.646278,1.17325
70,12,-0.0107374,0.00346731,0.56622,0.891764
70,13,0.2374,0.00182471,0.702924,1.05588
70,14,0.274029,0.00139241,0.993509,1.54644
70,15,-0.0446568,0.000443933,1.03552,1.79708
70,16,0.164449,0.000510124,1.45434,2.87453
70,17,0.00638332,0.0014003,1.65758,3.58372
70,18,0.239804,0.00475919,1.08209,2.44219
70,19,1.04948,0.0164205,0.575994,1.19016
70,20,0.408599,0.00472582,0.94318,1.94178
70,21,0.0762487,0.00222391,1.53735,3.27248
70,22,0.0116515,0.00328909,1.13126,2.28981
71,0,-0.033562,0.00406752,0.817935,1.53818
71,1,-0.0346076,0.00684048,0.648959,1.11778
71,2,0.226364,0.0482102,0.255469,0.193819
71,3,0.052379,0.0538838,0.544294,1.12132
71,4,-0.107169,0.00839603,1.46334,3.35225
71,5,-0.0740328,0.00888209,1.29475,2.89982
71,6,-0.802013,0.0191042,0.568008,1.14463
71,7,0.203073,0.011893,0.797517,2.00998
71,8,0.420413,0.00909332,0.845843,2.06497
71,9,-0.00959396,0.00814266,0.911112,2.10714
71,10,0.119321,0.00597292,0.669946,1.33913
71,11,-0.00289675,0.00455381,0.588569,1.07674
71,12,0.0883577,0.00485186,0.46774,0.747204
71,13,-0.14331,0.00298498,0.505636,0.757674
71,14,-0.422067,0.00251137,0.710248,1.04034
71,15,0.024852,0.000735337,0.919334,1.56276
71,16,-0.175076,0.000587612,1.12215,2.13578
71,17,-0.457147,0.000562646,1.80109,3.84248
71,18,-0.324318,0.000718474,2.13482,4.95685
71,19,0.262924,0.00240713,1.84193,4.37089
71,20,0.873694,0.00284475,1.09926,2.43991
71,21,-0.263902,0.00331528,1.2082,2.50192
71,22,0.0802323,0.00349248,1.00806,1.9206
72,0,0.0066193,0.00476164,0.779354,1.49284
72,1,0.410454,0.00695462,0.379638,0.558124
72,2,0.262747,0.0132074,0.430263,0.550848
72,3,0.00876508,0.00923117,1.25666,2.57607
72,4,-0.39777,0.00345292,1.85378,4.12348
72,5,-0.149653,0.0118047,1.18954,2.55685
72,6,-0.131481,0.0183256,0.748442,1.60406
72,7,-0.556899,0.00773373,1.16962,2.81982
72,8,-0.568172,0.0087003,1.04531,2.47875
72,9,-0.170644,0.00891233,0.982245,2.20933
72,10,-0.15115,0.00781537,0.7713,1.52419
72,11,0.0122722,0.00465633,0.613868,1.10096
72,12,-0.0115798,0.00538136,0.49719,0.800432
72,13,-0.187277,0.00320674,0.4296,0.644488
72,14,-0.0976493,0.00650526,1.61306,3.563
72,15,-0.0482701,0.00112276,0.896555,1.48067
72,16,-0.420905,0.000797791,0.885918,1.58493
72,17,-0.13216,0.00105703,1.12518,2.18187
72,18,-0.194489,0.00133306,1.60569,3.41436
72,19,-1.7879,0.00121481,2.15328,4.95658
72,20,-0.92131,0.000421051,2.30328,5.51246
72,21,-0.195892,0.00131288,1.8911,4.14006
72,22,0.0384743,0.00252638,1.26229,2.478
73,0,0.0502291,0.00241322,1.40883,2.81866
73,1,0.0458348,0.00138854,0.758017,1.33473
73,2,0.257902,0.00287531,0.679269,1.18226
73,3,0.26524,0.0037473,1.64052,3.53717
73,4,0.333231,0.0204994,1.05185,2.11301
73,5,0.532632,0.0268318,0.651279,1.40821
73,6,-0.289881,0.00824452,1.18305,2.66552
73,7,0.273991,0.00876268,0.827603,1.88961
73,8,0.0323503,0.00820814,0.885264,2.13527
73,9,-0.253865,0.00950715,0.835552,1.8571
73,10,-0.288651,0.0142152,0.729663,1.41702
73,11,-0.113399,0.00717954,0.656334,1.13393
73,12,-0.037566,0.00589468,0.505927,0.806837
73,13,-0.039947,0.00504425,0.399558,0.597297
73,14,-0.027775,0.00480629,0.454527,0.699716
73,15,-0.000151458,0.00310391,0.558828,0.839393
73,16,0.0186842,0.00135485,0.68009,1.12601
73,17,0.00319576,0.00193244,0.825397,1.52031
73,18,-0.0664743,0.00383612,1.10217,2.27654
73,19,0.586695,0.0188969,0.590833,1.1791
73,20,-0.0531943,0.00408867,1.0796,2.27951
73,21,0.217625,0.00146102,1.41655,2.85996
73,22,-0.115488,0.00150164,1.82643,3.68058
74,0,-0.0284898,0.000733864,1.60002,3.17938
74,1,0.0826823,0.000679435,1.14268,2.16112
74,2,0.270591,0.0025545,1.2503,2.56068
74,3,-0.466751,0.00549137,1.33114,2.82704
74,4,0.192514,0.0214716,0.759655,1.43033
74,5,-0.0911696,0.00807998,1.39833,3.19562
74,6,0.182011,0.0067776,1.05768,2.39171
74,7,0.32494,0.00827272,0.909816,2.13991
74,8,-0.291249,0.00573139,1.02263,2.48383
74,9,0.169416,0.0107172,0.613776,1.41107
74,10,0.0210684,0.0171249,0.51207,1.07718
74,11,-0.0412641,0.0231064,0.542987,1.02754
74,12,0.116777,0.0163273,0.379603,0.613788
74,13,-0.00513614,0.0078575,0.417937,0.665098
74,14,0.143739,0.00564452,0.405641,0.63299
74,15,0.0546422,0.00348218,0.479029,0.740834
74,16,-0.133845,0.00109002,0.738758,1.23059
74,17,0.0963272,0.00182573,0.913086,1.71191
74,18,0.0881688,0.00275147,1.18086,2.49541
74,19,1.3894,0.00960602,0.907878,2.04816
74,20,0.0307028,0.00354727,1.43319,3.21155
74,21,0.0628854,0.00143785,1.94044,4.31059
74,22,-0.129414,0.00154342,1.91914,4.16675
75,0,0.0769014,0.000279055,2.01214,4.15477
75,1,0.619746,0.000343745,1.922,3.9968
75,2,-0.168771,0.00107065,2.38743,5.27147
75,3,-0.22434,0.00187663,2.14696,4.56767
75,4,0.0235858,0.0030635,1.99859,4.23301
75,5,-0.107541,0.00314859,2.24589,5.0895
75,6,-0.0671248,0.00376497,1.4817,3.32529
75,7,-0.225518,0.00483031,1.16312,2.69153
75,8,0.230493,0.012664,0.706168,1.75894
75,9,0.359474,0.00901116,0.582305,1.46715
75,10,0.461446,0.0134497,0.436699,1.0152
75,11,-0.236178,0.0252799,0.473598,1.11908
75,12,-0.451154,0.0222404,0.489426,0.88447
75,13,-0.13734,0.00476307,0.585222,0.957151
75,14,-0.110836,0.00307217,0.578681,0.91807
75,15,-0.0561739,0.001647,0.650118,1.04934
75,16,-0.0457651,0.000823635,0.802834,1.35301
75,17,-0.00635104,0.000855434,1.12606,2.14082
75,18,-0.0179199,0.00137791,1.34024,2.85641
75,19,-0.390219,0.00128718,1.77774,4.22918
75,20,-0.265458,0.000529954,2.32547,5.6385
75,21,-0.198274,0.000409923,3.23261,7.70938
75,22,-0.055108,0.000498339,2.8905,6.45863
76,0,-0.316573,0.000190053,2.9605,6.30461
76,1,-0.309934,0.00038938,2.99347,6.45745
76,2,-0.105922,0.000630349,2.8279,6.19799
76,3,-0.250449,0.000527787,2.77225,5.96738
76,4,-0.11174,0.000845999,3.26179,7.09399
76,5,-0.0311273,0.00168314,2.72603,5.91695
76,6,-0.226639,0.00414192,1.65264,3.56291
76,7,0.690414,0.00696661,0.954633,2.17141
76,8,0.127794,0.013469,0.856469,2.13258
76,9,0.0727496,0.0116769,0.80412,2.09724
76,10,0.53782,0.010407,0.558969,1.33732
76,11,1.10105,0.0161508,0.471503,1.1411
76,12,-0.33453,0.0132372,0.757922,1.62551
76,13,-0.0629676,0.00395107,0.650917,1.09685
76,14,-0.0562732,0.00238382,0.611985,0.9935
76,15,-0.0383505,0.0019929,0.633801,1.02358
76,16,-0.00409916,0.00117747,0.743933,1.24383
76,17,-0.0501079,0.00075253,1.07517,1.98702
76,18,-0.287738,0.000494206,1.60075,3.3393
76,19,-0.340389,0.000707317,2.10782,5.0085
76,20,-0.336559,0.000303232,2.34295,5.73773
76,21,-0.762736,0.000601202,2.00688,4.5494
76,22,-0.566294,0.000329036,2.60584,5.66781
77,0,-0.534294,0.000665732,1.88072,3.8505
77,1,0.0186647,0.000901537,2.30211,4.92391
77,2,-0.03739,0.000737878,2.42604,5.25743
77,3,-0.120745,0.000420052,2.47534,5.31698
77,4,-0.316801,0.000476842,2.08047,4.21588
77,5,-0.222031,0.000910074,1.76898,3.65927
77,6,-0.215113,0.00261881,2.17521,4.86617
77,7,-0.185726,0.00270566,2.14548,5.00437
77,8,-0.109354,0.00482675,1.67651,3.99417
77,9,-0.0782758,0.00816624,1.58605,3.95559
77,10,-0.149805,0.00840244,1.11508,2.54386
77,11,-0.101978,0.0101142,1.00456,2.40548
77,12,-0.332807,0.00677391,1.01155,2.24306
77,13,0.0249928,0.0049668,0.66996,1.17818
77,14,0.106876,0.0022694,0.592282,0.981928
77,15,-0.0748939,0.00195011,0.653565,1.07591
77,16,-0.119905,0.00144517,0.757472,1.25045
77,17,-0.0179361,0.00125532,0.9603,1.70081
77,18,-0.320324,0.000566402,1.22371,2.39099
77,19,-0.199633,0.000516981,1.63289,3.52592
77,20,-0.356432,0.00102448,1.86289,4.10862
77,21,0.677305,0.00870233,0.752147,1.51307
77,22,0.904215,0.00689938,0.796521,1.57281
78,0,1.19208,0.000591976,3.08434,6.87707
78,1,-0.0478953,0.000768503,2.54614,5.63151
78,2,-0.155395,0.000655556,2.27743,4.92482
78,3,-0.0957424,0.000805416,1.35871,2.63378
78,4,0.63887,0.00136985,0.924783,1.70506
78,5,-0.123781,0.000605291,1.92342,4.13865
78,6,0.0206327,0.0014125,2.61631,6.01407
78,7,-0.241857,0.0015843,2.34452,5.36733
78,8,-0.505658,0.00191795,2.12096,5.06118
78,9,-0.191982,0.00410943,1.84318,4.42632
78,10,-0.718128,0.00411985,1.51991,3.47239
78,11,-0.224936,0.00726275,1.42905,3.3906
78,12,-0.112632,0.00739634,0.946756,1.96323
78,13,0.0158189,0.00516176,0.702666,1.25355
78,14,0.00331515,0.0021241,0.641428,1.07344
78,15,-0.000119153,0.00172825,0.610949,1.00473
78,16,-0.305197,0.00152749,0.670023,1.08931
78,17,-0.135408,0.00125564,0.830054,1.41732
78,18,-1.69344,0.000838401,0.760819,1.40177
78,19,-0.657782,0.00140418,0.690931,1.24048
78,20,0.03153,0.00227919,0.966314,1.96722
78,21,-0.0200822,0.00205691,1.12899,2.49228
78,22,0.141506,0.000471396,1.86756,4.14785
79,0,-0.502827,0.000666983,2.46983,5.40218
79,1,-0.0696289,0.00058966,2.29952,4.99703
79,2,-0.00339606,0.000482126,1.89715,3.91132
79,3,0.304915,0.000466116,1.10115,2.07423
79,4,0.382283,0.000530239,1.16542,2.30731
79,5,-0.0195299,0.000671254,1.90419,4.16552
79,6,-0.00381604,0.00141472,2.07494,4.62238
79,7,-0.076411,0.00169633,1.72437,3.80174
79,8,-0.100092,0.0022539,1.56895,3.56696
79,9,-0.0433618,0.00354758,1.41016,3.21937
79,10,0.0118766,0.00436581,1.22515,2.74651
79,11,0.0144353,0.00869561,1.15297,2.67463
79,12,-0.0190412,0.00847719,0.874478,1.7615
79,13,-0.00329939,0.00574096,0.747406,1.35742
79,14,0.233041,0.00268868,0.669372,1.12402
79,15,0.0927458,0.00147481,0.605175,0.985934
79,16,0.29426,0.00095166,0.658109,1.06462
79,17,0.152175,0.000873237,0.801629,1.36437
79,18,2.72921,0.000565824,0.695765,1.26263
79,19,-0.167095,0.00151636,0.61204,1.13476
79,20,0.06266,0.00212101,0.931859,1.98242
79,21,0.000327817,0.000989019,1.20335,2.75651
79,22,-0.178347,0.000199345,1.59209,3.62801
80,0,-0.0574501,0.00073191,1.7242,3.71879
80,1,-0.0144227,0.000600082,1.74468,3.65539
80,2,-0.00372061,0.000296902,1.57897,3.17039
80,3,-0.0982531,8.22e-05,1.40093,2.78863
80,4,-0.137358,0.000140229,1.57963,3.33723
80,5,-0.0138079,0.000800994,1.70015,3.73159
80,6,0.00130354,0.00150201,1.59847,3.45547
80,7,-0.0244989,0.00183589,1.40306,2.9913
80,8,-0.0381791,0.00232564,1.28044,2.77024
80,9,-0.0166011,0.00319437,1.17797,2.58093
80,10,-0.0632973,0.00440704,1.16027,2.58352
80,11,-0.0428814,0.0080342,1.06236,2.39219
80,12,0.0144521,0.00817748,0.875434,1.78256
80,13,-0.0195775,0.00614071,0.787232,1.45739
80,14,-0.0939943,0.00304158,0.711981,1.19977
80,15,-0.0308443,0.00138844,0.662471,1.07458
80,16,-0.130087,0.000647339,0.693044,1.10995
80,17,0.0900417,0.000559762,0.883725,1.48398
80,18,-0.593197,0.000338029,0.860122,1.56439
80,19,-0.191391,0.000712809,0.885919,1.75179
80,20,-0.0172816,0.0012338,1.0843,2.36856
80,21,0.0597319,0.000701267,1.18794,2.80258
80,22,0.0551829,0.000201838,1.38475,3.21173
